BveTs Motor Noise Table 1.00:shift_jis,,,,,,,,,,,,,,,,
#,,,,,,,,,,,,,,,,
0,0,0,0,0,0,0,0,0,5,0,0,0,0,0,0,0
0.2,0,0,0,0,0,0,0,0,5,0,0,0,0,0,0,0
0.4,0.01574803,0,0,0,0,0,0,0,5,0,0,0,0,0,0,0
0.6,0.03149606,0,0,0,0,0,0,0,5,0,0,0,0,0,0,0
0.8,0.04724409,0,0,0,0,0,0,0,5,0,0,0,0,0,0,0
1,0.06299213,0,0,0,0,0,0,0,5,0,0,0,0,0,0,0
1.2,0.07874016,0,0,0,0,0,0,0,5,0,0,0,0,0,0,0
1.4,0.09448819,0,0,0,0,0,0,0,5,0,0,0,0,0,0,0
1.6,0.1102362,0,0,0,0,0,0,0,5,0,0,0,0,0,0,0
1.8,0.1259843,0,0,0,0,0,0,0,5,0,0,0,0,0,0,0
2,0.1417323,0,0,0,0,0,0,0,5,0,0,0,0,0,0,0
2.2,0.1574803,0,0,0,0,0,0,0,5,0,0,0,0,0,0,0
2.4,0.1732284,0,0,0,0,0,0,0,5,0,0,0,0,0,0,0
2.6,0.1968504,0,0,0,0,0,0,0,5,0,0,0,0,0,0,0
2.8,0.2125984,0.007874016,0,0,0,0,0,0,5,0,0,0,0,0,0,0
3,0.2283465,0.007874016,0,0,0,0,0,0,5,0,0,0,0,0,0,0
3.2,0.2440945,0.007874016,0,0,0,0,0,0,5,0,0,0,0,0,0,0
3.4,0.2598425,0.007874016,0,0,0,0,0,0,5,0,0,0,0,0,0,0
3.6,0.2755905,0.007874016,0,0,0,0,0,0,5,0,0,0,0,0,0,0
3.8,0.2913386,0.007874016,0,0,0,0,0,0,5,0,0,0,0,0,0,0
4,0.3070866,0.007874016,0,0,0,0,0,0,5,0,0,0,0,0,0,0
4.2,0.3228346,0.007874016,0,0,0,0,0,0,5,0,0,0,0,0,0,0
4.4,0.3385827,0.007874016,0,0,0,0,0,0,5,0,0,0,0,0,0,0
4.6,0.3543307,0.007874016,0,0,0,0,0,0,5,0,0,0,0,0,0,0
4.8,0.3700787,0.007874016,0,0,0,0,0,0,5,0,0,0,0,0,0,0
5,0.3937008,0.007874016,0,0,0,0,0,0,5,0,0,0,0,0,0,0
5.2,0.4015748,0.007874016,0,0,0,0,0,0,5,0,0,0,0,0,0,0
5.4,0.4094488,0.007874016,0,0,0,0,0,0,5,0,0,0,0,0,0,0
5.6,0.4173228,0.01574803,0,0,0,0,0,0,5,0,0,0,0,0,0,0
5.8,0.4251969,0.01574803,0,0,0,0,0,0,5,0,0,0,0,0,0,0
6,0.4330709,0.01574803,0,0,0,0,0,0,5,0,0,0,0,0,0,0
6.2,0.4409449,0.01574803,0,0,0,0,0,0,5,0,0,0,0,0,0,0
6.4,0.4488189,0.01574803,0,0,0,0,0,0,5,0,0,0,0,0,0,0
6.6,0.4566929,0.01574803,0,0,0,0,0,0,5,0,0,0,0,0,0,0
6.8,0.4645669,0.01574803,0,0,0,0,0,0,5,0,0,0,0,0,0,0
7,0.472441,0.01574803,0,0,0,0,0,0,5,0,0,0,0,0,0,0
7.2,0.480315,0.01574803,0,0,0,0,0,0,5,0,0,0,0,0,0,0
7.4,0.488189,0.01574803,0,0,0,0,0,0,5,0,0,0,0,0,0,0
7.6,0.496063,0.01574803,0,0,0,0,0,0,5,0,0,0,0,0,0,0
7.8,0.503937,0.01574803,0,0,0,0,0,0,5,0,0,0,0,0,0,0
8,0.511811,0.01574803,0,0,0,0,0,0,5,0,0,0,0,0,0,0
8.2,0.519685,0.01574803,0,0,0,0,0,0,5,0,0,0,0,0,0,0
8.400001,0.527559,0.02362205,0,0,0,0,0,0,5,0,0,0,0,0,0,0
8.6,0.5354331,0.02362205,0,0,0,0,0,0,5,0,0,0,0,0,0,0
8.8,0.5433071,0.02362205,0,0,0,0,0,0,5,0,0,0,0,0,0,0
9,0.5511811,0.02362205,0,0,0,0,0,0,5,0,0,0,0,0,0,0
9.2,0.5590551,0.02362205,0,0,0,0,0,0,5,0,0,0,0,0,0,0
9.400001,0.5669292,0.02362205,0,0,0,0,0,0,5,0,0,0,0,0,0,0
9.6,0.5748032,0.02362205,0,0,0,0,0,0,5,0,0,0,0,0,0,0
9.8,0.5826772,0.02362205,0,0,0,0,0,0,5,0,0,0,0,0,0,0
10,0.5905512,0.02362205,0,0,0,0,0,0,5,0,0,0,0,0,0,0
10.2,0.5984252,0.02362205,0,0,0,0,0,0,5,0,0,0,0,0,0,0
10.4,0.6062992,0.02362205,0,0,0,0,0,0,5,0,0,0,0,0,0,0
10.6,0.6141732,0.02362205,0,0,0,0,0,0,5,0,0,0,0,0,0,0
10.8,0.6220472,0.02362205,0,0,0,0,0,0,5,0,0,0,0,0,0,0
11,0.6299213,0.02362205,0,0,0,0,0,0,5,0,0,0,0,0,0,0
11.2,0.6377953,0.03149606,0,0,0,0,0,0,5,0,0,0,0,0,0,0
11.4,0.6456693,0.03149606,0,0,0,0,0,0,5,0,0,0,0,0,0,0
11.6,0.6535433,0.03149606,0,0,0,0,0,0,5,0,0,0,0,0,0,0
11.8,0.6614173,0.03149606,0,0,0,0,0,0,5,0,0,0,0,0,0,0
12,0.6692913,0.03149606,0,0,0,0,0,0,5,0,0,0,0,0,0,0
12.2,0.6771653,0.03149606,0,0,0,0,0,0,5,0,0,0,0,0,0,0
12.4,0.6850393,0.03149606,0,0,0,0,0,0,5,0,0,0,0,0,0,0
12.6,0.6929134,0.03149606,0,0,0,0,0,0,5,0,0,0,0,0,0,0
12.8,0.7007874,0.03149606,0,0,0,0,0,0,5,0,0,0,0,0,0,0
13,0.7086614,0.03149606,0,0,0,0,0,0,5,0,0,0,0,0,0,0
13.2,0.7165354,0.03149606,0,0,0,0,0,0,5,0,0,0,0,0,0,0
13.4,0.7244095,0.03149606,0,0,0,0,0,0,5,0,0,0,0,0,0,0
13.6,0.7322835,0.03149606,0,0,0,0,0,0,5,0,0,0,0,0,0,0
13.8,0.7401575,0.03149606,0,0,0,0,0,0,5,0,0,0,0,0,0,0
14,0.7480315,0.03937008,0,0,0,0,0,0,5,0,0,0,0,0,0,0
14.2,0.7559055,0.03937008,0,0,0,0,0,0,5,0,0,0,0,0,0,0
14.4,0.7637795,0.03937008,0,0,0,0,0,0,5,0,0,0,0,0,0,0
14.6,0.7716535,0.03937008,0,0,0,0,0,0,5,0,0,0,0,0,0,0
14.8,0.7795275,0.03937008,0,0,0,0,0,0,5,0,0,0,0,0,0,0
15,0.7795275,0.03937008,0,0,0,0,0,0,5,0,0,0,0,0,0,0
15.2,0.7874016,0.03937008,0,0,0,0,0,0,5,0,0,0,0,0,0,0
15.4,0.7874016,0.03937008,0,0,0,0,0,0,5,0,0,0,0,0,0,0
15.6,0.7874016,0.03937008,0,0,0,0,0,0,5,0,0,0,0,0,0,0
15.8,0.7874016,0.03937008,0,0,0,0,0,0,5,0,0,0,0,0,0,0
16,0.7874016,0.03937008,0,0,0,0,0,0,5,0,0,0,0,0,0,0
16.2,0.7874016,0.03937008,0,0,0,0,0,0,5,0,0,0,0,0,0,0
16.4,0.7874016,0.03937008,0,0,0,0,0,0,5,0,0,0,0,0,0,0
16.6,0.7874016,0.03937008,0,0,0,0,0,0,5,0,0,0,0,0,0,0
16.8,0.7874016,0.04724409,0,0,0,0,0,0,5,0,0,0,0,0,0,0
17,0.7874016,0.04724409,0,0,0,0,0,0,5,0,0,0,0,0,0,0
17.2,0.7874016,0.04724409,0,0,0,0,0,0,5,0,0,0,0,0,0,0
17.4,0.7952756,0.04724409,0,0,0,0,0,0,5,0,0,0,0,0,0,0
17.6,0.7952756,0.04724409,0,0,0,0,0,0,5,0,0,0,0,0,0,0
17.8,0.7952756,0.04724409,0,0,0,0,0,0,5,0,0,0,0,0,0,0
18,0.7952756,0.04724409,0,0,0,0,0,0,5,0,0,0,0,0,0,0
18.2,0.7952756,0.04724409,0,0,0,0,0,0,5,0,0,0,0,0,0,0
18.4,0.7952756,0.04724409,0,0,0,0,0,0,5,0,0,0,0,0,0,0
18.6,0.7952756,0.04724409,0,0,0,0,0,0,5,0,0,0,0,0,0,0
18.8,0.7952756,0.04724409,0,0,0,0,0,0,5,0,0,0,0,0,0,0
19,0.7952756,0.04724409,0,0,0,0,0,0,5,0,0,0,0,0,0,0
19.2,0.8031496,0.04724409,0,0,0,0,0,0,5,0,0,0,0,0,0,0
19.4,0.8031496,0.05511811,0,0,0,0,0,0,5,0,0,0,0,0,0,0
19.6,0.8031496,0.05511811,0,0,0,0,0,0,5,0,0,0,0,0,0,0
19.8,0.8031496,0.05511811,0,0,0,0,0,0,5,0,0,0,0,0,0,0
20,0.8031496,0.05511811,0,0,0,0,0,0,5,0,0,0,0,0,0,0
20.2,0.8031496,0.05511811,0,0,0,0,0,0,5,0,0,0,0,0,0,0
20.4,0.8031496,0.05511811,0,0,0,0,0,0,5,0,0,0,0,0,0,0
20.6,0.8031496,0.05511811,0,0,0,0,0,0,5,0,0,0,0,0,0,0
20.8,0.8031496,0.05511811,0,0,0,0,0,0,5,0,0,0,0,0,0,0
21,0.8031496,0.05511811,0,0,0,0,0,0,5,0,0,0,0,0,0,0
21.2,0.8110236,0.05511811,0,0,0,0,0,0,5,0,0,0,0,0,0,0
21.4,0.8110236,0.05511811,0,0,0,0,0,0,5,0,0,0,0,0,0,0
21.6,0.8110236,0.05511811,0,0,0,0,0,0,5,0,0,0,0,0,0,0
21.8,0.8110236,0.05511811,0,0,0,0,0,0,5,0,0,0,0,0,0,0
22,0.8110236,0.05511811,0,0,0,0,0,0,5,0,0,0,0,0,0,0
22.2,0.8110236,0.06299213,0,0,0,0,0,0,5,0,0,0,0,0,0,0
22.4,0.8110236,0.06299213,0,0,0,0,0,0,5,0,0,0,0,0,0,0
22.6,0.8110236,0.06299213,0,0,0,0,0,0,5,0,0,0,0,0,0,0
22.8,0.8110236,0.06299213,0,0,0,0,0,0,5,0,0,0,0,0,0,0
23,0.8188977,0.06299213,0,0,0,0,0,0,5,0,0,0,0,0,0,0
23.2,0.8188977,0.06299213,0,0,0,0,0,0,5,0,0,0,0,0,0,0
23.4,0.8188977,0.06299213,0,0,0,0,0,0,5,0,0,0,0,0,0,0
23.6,0.8188977,0.06299213,0,0,0,0,0,0,5,0,0,0,0,0,0,0
23.8,0.8188977,0.06299213,0,0,0,0,0,0,5,0,0,0,0,0,0,0
24,0.8188977,0.06299213,0,0,0,0,0,0,5,0,0,0,0,0,0,0
24.2,0.8188977,0.06299213,0,0,0,0,0,0,5,0,0,0,0,0,0,0
24.4,0.8188977,0.06299213,0,0,0,0,0,0,5,0,0,0,0,0,0,0
24.6,0.8188977,0.06299213,0,0,0,0,0,0,5,0,0,0,0,0,0,0
24.8,0.8188977,0.06299213,0,0,0,0,0,0,5,0,0,0,0,0,0,0
25,0.8267717,0.07086615,0,0,0,0,0,0,5,0,0,0,0,0,0,0
25.2,0.8267717,0.07086615,0,0,0,0,0,0,5,0,0,0,0,0,0,0
25.4,0.8267717,0.07086615,0,0,0,0,0,0,5,0,0,0,0,0,0,0
25.6,0.8267717,0.07086615,0,0,0,0,0,0,5,0,0,0,0,0,0,0
25.8,0.8267717,0.07086615,0,0,0,0,0,0,5,0,0,0,0,0,0,0
26,0.8267717,0.07086615,0,0,0,0,0,0,5,0,0,0,0,0,0,0
26.2,0.8267717,0.07086615,0,0,0,0,0,0,5,0,0,0,0,0,0,0
26.4,0.8267717,0.07086615,0,0,0,0,0,0,5,0,0,0,0,0,0,0
26.6,0.8267717,0.07086615,0,0,0,0,0,0,5,0,0,0,0,0,0,0
26.8,0.8346457,0.07086615,0,0,0,0,0,0,5,0,0,0,0,0,0,0
27,0.8346457,0.07086615,0,0,0,0,0,0,5,0,0,0,0,0,0,0
27.2,0.8346457,0.07086615,0,0,0,0,0,0,5,0,0,0,0,0,0,0
27.4,0.8346457,0.07086615,0,0,0,0,0,0,5,0,0,0,0,0,0,0
27.6,0.8346457,0.07086615,0,0,0,0,0,0,5,0,0,0,0,0,0,0
27.8,0.8346457,0.07874016,0,0,0,0,0,0,5,0,0,0,0,0,0,0
28,0.8346457,0.07874016,0,0,0,0,0,0,5,0,0,0,0,0,0,0
28.2,0.8346457,0.07874016,0,0,0,0,0,0,5,0,0,0,0,0,0,0
28.4,0.8346457,0.07874016,0,0,0,0,0,0,5,0,0,0,0,0,0,0
28.6,0.8346457,0.07874016,0,0,0,0,0,0,5,0,0,0,0,0,0,0
28.8,0.8425197,0.07874016,0,0,0,0,0,0,5,0,0,0,0,0,0,0
29,0.8425197,0.07874016,0,0,0,0,0,0,5,0,0,0,0,0,0,0
29.2,0.8425197,0.07874016,0,0,0,0,0,0,5,0,0,0,0,0,0,0
29.4,0.8425197,0.07874016,0,0,0,0,0,0,5,0,0,0,0,0,0,0
29.6,0.8425197,0.07874016,0,0,0,0,0,0,5,0,0,0,0,0,0,0
29.8,0.8425197,0.07874016,0,0,0,0,0,0,5,0,0,0,0,0,0,0
30,0.8425197,0.07874016,0,0,0,0,0,0,5,0,0,0,0,0,0,0
30.2,0.8425197,0.07874016,0,0,0,0,0,0,5,0,0,0,0,0,0,0
30.4,0.8425197,0.07874016,0,0,0,0,0,0,5,0,0,0,0,0,0,0
30.6,0.8503937,0.08661418,0,0,0,0,0,0,5,0,0,0,0,0,0,0
30.8,0.8503937,0.08661418,0,0,0,0,0,0,5,0,0,0,0,0,0,0
31,0.8503937,0.08661418,0,0,0,0,0,0,5,0,0,0,0,0,0,0
31.2,0.8503937,0.08661418,0,0,0,0,0,0,5,0,0,0,0,0,0,0
31.4,0.8503937,0.08661418,0,0,0,0,0,0,5,0,0,0,0,0,0,0
31.6,0.8503937,0.08661418,0,0,0,0,0,0,5,0,0,0,0,0,0,0
31.8,0.8503937,0.08661418,0,0,0,0,0,0,5,0,0,0,0,0,0,0
32,0.8503937,0.08661418,0,0,0,0,0,0,5,0,0,0,0,0,0,0
32.2,0.8503937,0.08661418,0,0,0,0,0,0,5,0,0,0,0,0,0,0
32.4,0.8503937,0.08661418,0,0,0,0,0,0,5,0,0,0,0,0,0,0
32.6,0.8582677,0.08661418,0,0,0,0,0,0,5,0,0,0,0,0,0,0
32.8,0.8582677,0.08661418,0,0,0,0,0,0,5,0,0,0,0,0,0,0
33,0.8582677,0.08661418,0,0,0,0,0,0,5,0,0,0,0,0,0,0
33.2,0.8582677,0.08661418,0,0,0,0,0,0,5,0,0,0,0,0,0,0
33.4,0.8582677,0.09448819,0,0,0,0,0,0,5,0,0,0,0,0,0,0
33.6,0.8582677,0.09448819,0,0,0,0,0,0,5,0,0,0,0,0,0,0
33.8,0.8582677,0.09448819,0,0,0,0,0,0,5,0,0,0,0,0,0,0
34,0.8582677,0.09448819,0,0,0,0,0,0,5,0,0,0,0,0,0,0
34.2,0.8582677,0.09448819,0,0,0,0,0,0,5,0,0,0,0,0,0,0
34.4,0.8661417,0.09448819,0,0,0,0,0,0,5,0,0,0,0,0,0,0
34.6,0.8661417,0.09448819,0,0,0,0,0,0,5,0,0,0,0,0,0,0
34.8,0.8661417,0.09448819,0,0,0,0,0,0,5,0,0,0,0,0,0,0
35,0.8661417,0.09448819,0,0,0,0,0,0,5,0,0,0,0,0,0,0
35.2,0.8661417,0.09448819,0,0,0,0,0,0,5,0,0,0,0,0,0,0
35.4,0.8661417,0.09448819,0,0,0,0,0,0,5,0,0,0,0,0,0,0
35.6,0.8661417,0.09448819,0,0,0,0,0,0,5,0,0,0,0,0,0,0
35.8,0.8661417,0.09448819,0,0,0,0,0,0,5,0,0,0,0,0,0,0
36,0.8661417,0.09448819,0,0,0,0,0,0,5,0,0,0,0,0,0,0
36.2,0.8661417,0.1023622,0,0,0,0,0,0,5,0,0,0,0,0,0,0
36.4,0.8740157,0.1023622,0,0,0,0,0,0,5,0,0,0,0,0,0,0
36.6,0.8740157,0.1023622,0,0,0,0,0,0,5,0,0,0,0,0,0,0
36.8,0.8740157,0.1023622,0,0,0,0,0,0,5,0,0,0,0,0,0,0
37,0.8740157,0.1023622,0,0,0,0,0,0,5,0,0,0,0,0,0,0
37.2,0.8740157,0.1023622,0,0,0,0,0,0,5,0,0,0,0,0,0,0
37.4,0.8740157,0.1023622,0,0,0,0,0,0,5,0,0,0,0,0,0,0
37.6,0.8740157,0.1023622,0,0,0,0,0,0,5,0,0,0,0,0,0,0
37.8,0.8740157,0.1023622,0,0,0,0,0,0,5,0,0,0,0,0,0,0
38,0.8740157,0.1023622,0,0,0,0,0,0,5,0,0,0,0,0,0,0
38.2,0.8818898,0.1023622,0,0,0,0,0,0,5,0,0,0,0,0,0,0
38.4,0.8818898,0.1023622,0,0,0,0,0,0,5,0,0,0,0,0,0,0
38.6,0.8818898,0.1023622,0,0,0,0,0,0,5,0,0,0,0,0,0,0
38.8,0.8818898,0.1102362,0,0,0,0,0,0,5,0,0,0,0,0,0,0
39,0.8818898,0.1102362,0,0,0,0,0,0,5,0,0,0,0,0,0,0
39.2,0.8818898,0.1102362,0,0,0,0,0,0,5,0,0,0,0,0,0,0
39.4,0.8818898,0.1102362,0,0,0,0,0,0,5,0,0,0,0,0,0,0
39.6,0.8818898,0.1102362,0,0,0,0,0,0,5,0,0,0,0,0,0,0
39.8,0.8818898,0.1102362,0,0,0,0,0,0,5,0,0,0,0,0,0,0
40,0.8818898,0.1102362,0,0,0,0,0,0,5,0,0,0,0,0,0,0
40.2,0.8897638,0.1102362,0,0,0,0,0,0,5,0,0,0,0,0,0,0
40.4,0.8897638,0.1102362,0,0,0,0,0,0,5,0,0,0,0,0,0,0
40.6,0.8897638,0.1102362,0,0,0,0,0,0,5,0,0,0,0,0,0,0
40.8,0.8897638,0.1102362,0,0,0,0,0,0,5,0,0,0,0,0,0,0
41,0.8897638,0.1102362,0,0,0,0,0,0,5,0,0,0,0,0,0,0
41.2,0.8897638,0.1102362,0,0,0,0,0,0,5,0,0,0,0,0,0,0
41.4,0.8897638,0.1102362,0,0,0,0,0,0,5,0,0,0,0,0,0,0
41.6,0.8897638,0.1181102,0,0,0,0,0,0,5,0,0,0,0,0,0,0
41.8,0.8897638,0.1181102,0,0,0,0,0,0,5,0,0,0,0,0,0,0
42,0.8976378,0.1181102,0,0,0,0,0,0,5,0,0,0,0,0,0,0
42.2,0.8976378,0.1181102,0,0,0,0,0,0,5,0,0,0,0,0,0,0
42.4,0.8976378,0.1181102,0,0,0,0,0,0,5,0,0,0,0,0,0,0
42.6,0.8976378,0.1181102,0,0,0,0,0,0,5,0,0,0,0,0,0,0
42.8,0.8976378,0.1181102,0,0,0,0,0,0,5,0,0,0,0,0,0,0
43,0.8976378,0.1181102,0,0,0,0,0,0,5,0,0,0,0,0,0,0
43.2,0.8976378,0.1181102,0,0,0,0,0,0,5,0,0,0,0,0,0,0
43.4,0.8976378,0.1181102,0,0,0,0,0,0,5,0,0,0,0,0,0,0
43.6,0.8976378,0.1181102,0,0,0,0,0,0,5,0,0,0,0,0,0,0
43.8,0.8976378,0.1181102,0,0,0,0,0,0,5,0,0,0,0,0,0,0
44,0.9055118,0.1181102,0,0,0,0,0,0,5,0,0,0,0,0,0,0
44.2,0.9055118,0.1181102,0,0,0,0,0,0,5,0,0,0,0,0,0,0
44.4,0.9055118,0.1259843,0,0,0,0,0,0,5,0,0,0,0,0,0,0
44.6,0.9055118,0.1259843,0,0,0,0,0,0,5,0,0,0,0,0,0,0
44.8,0.9055118,0.1259843,0,0,0,0,0,0,5,0,0,0,0,0,0,0
45,0.9055118,0.1259843,0,0,0,0,0,0,5,0,0,0,0,0,0,0
45.2,0.9055118,0.1259843,0,0,0,0,0,0,5,0,0,0,0,0,0,0
45.4,0.9055118,0.1259843,0,0,0,0,0,0,5,0,0,0,0,0,0,0
45.6,0.9055118,0.1259843,0,0,0,0,0,0,5,0,0,0,0,0,0,0
45.8,0.9133858,0.1259843,0,0,0,0,0,0,5,0,0,0,0,0,0,0
46,0.9133858,0.1259843,0,0,0,0,0,0,5,0,0,0,0,0,0,0
46.2,0.9133858,0.1259843,0,0,0,0,0,0,5,0,0,0,0,0,0,0
46.4,0.9133858,0.1259843,0,0,0,0,0,0,5,0,0,0,0,0,0,0
46.6,0.9133858,0.1259843,0,0,0,0,0,0,5,0,0,0,0,0,0,0
46.8,0.9133858,0.1259843,0,0,0,0,0,0,5,0,0,0,0,0,0,0
47,0.9133858,0.1259843,0,0,0,0,0,0,5,0,0,0,0,0,0,0
47.2,0.9133858,0.1338583,0,0,0,0,0,0,5,0,0,0,0,0,0,0
47.4,0.9133858,0.1338583,0,0,0,0,0,0,5,0,0,0,0,0,0,0
47.6,0.9133858,0.1338583,0,0,0,0,0,0,5,0,0,0,0,0,0,0
47.8,0.9212598,0.1338583,0,0,0,0,0,0,5,0,0,0,0,0,0,0
48,0.9212598,0.1338583,0,0,0,0,0,0,5,0,0,0,0,0,0,0
48.2,0.9212598,0.1338583,0,0,0,0,0,0,5,0,0,0,0,0,0,0
48.4,0.9212598,0.1338583,0,0,0,0,0,0,5,0,0,0,0,0,0,0
48.6,0.9212598,0.1338583,0,0,0,0,0,0,5,0,0,0,0,0,0,0
48.8,0.9212598,0.1338583,0,0,0,0,0,0,5,0,0,0,0,0,0,0
49,0.9212598,0.1338583,0,0,0,0,0,0,5,0,0,0,0,0,0,0
49.2,0.9212598,0.1338583,0,0,0,0,0,0,5,0,0,0,0,0,0,0
49.4,0.9212598,0.1338583,0,0,0,0,0,0,5,0,0,0,0,0,0,0
49.6,0.9291338,0.1338583,0,0,0,0,0,0,5,0,0,0,0,0,0,0
49.8,0.9291338,0.1338583,0,0,0,0,0,0,5,0,0,0,0,0,0,0
50,0.9291338,0.1417323,0,0,0,0,0,0,5,0,0,0,0,0,0,0
50.2,0.9291338,0.1417323,0,0,0,0,0,0,5,0,0,0,0,0,0,0
50.4,0.9291338,0.1417323,0,0,0,0,0,0,5,0,0,0,0,0,0,0
50.6,0.9291338,0.1417323,0,0,0,0,0,0,5,0,0,0,0,0,0,0
50.8,0.9291338,0.1417323,0,0,0,0,0,0,5,0,0,0,0,0,0,0
51,0.9291338,0.1417323,0,0,0,0,0,0,5,0,0,0,0,0,0,0
51.2,0.9291338,0.1417323,0,0,0,0,0,0,5,0,0,0,0,0,0,0
51.4,0.9291338,0.1417323,0,0,0,0,0,0,5,0,0,0,0,0,0,0
51.6,0.9370078,0.1417323,0,0,0,0,0,0,5,0,0,0,0,0,0,0
51.8,0.9370078,0.1417323,0,0,0,0,0,0,5,0,0,0,0,0,0,0
52,0.9370078,0.1417323,0,0,0,0,0,0,5,0,0,0,0,0,0,0
52.2,0.9370078,0.1417323,0,0,0,0,0,0,5,0,0,0,0,0,0,0
52.4,0.9370078,0.1417323,0,0,0,0,0,0,5,0,0,0,0,0,0,0
52.6,0.9370078,0.1417323,0,0,0,0,0,0,5,0,0,0,0,0,0,0
52.8,0.9370078,0.1496063,0,0,0,0,0,0,5,0,0,0,0,0,0,0
53,0.9370078,0.1496063,0,0,0,0,0,0,5,0,0,0,0,0,0,0
53.2,0.9370078,0.1496063,0,0,0,0,0,0,5,0,0,0,0,0,0,0
53.4,0.9448819,0.1496063,0,0,0,0,0,0,5,0,0,0,0,0,0,0
53.6,0.9448819,0.1496063,0,0,0,0,0,0,5,0,0,0,0,0,0,0
53.8,0.9448819,0.1496063,0,0,0,0,0,0,5,0,0,0,0,0,0,0
54,0.9448819,0.1496063,0,0,0,0,0,0,5,0,0,0,0,0,0,0
54.2,0.9448819,0.1496063,0,0,0,0,0,0,5,0,0,0,0,0,0,0
54.4,0.9448819,0.1496063,0,0,0,0,0,0,5,0,0,0,0,0,0,0
54.6,0.9448819,0.1496063,0,0,0,0,0,0,5,0,0,0,0,0,0,0
54.8,0.9448819,0.1496063,0,0,0,0,0,0,5,0,0,0,0,0,0,0
55,0.9448819,0.1496063,0,0,0,0,0,0,5,0,0,0,0,0,0,0
55.2,0.9448819,0.1496063,0,0,0,0,0,0,5,0,0,0,0,0,0,0
55.4,0.9527559,0.1496063,0,0,0,0,0,0,5,0,0,0,0,0,0,0
55.6,0.9527559,0.1574803,0,0,0,0,0,0,5,0,0,0,0,0,0,0
55.8,0.9527559,0.1574803,0,0,0,0,0,0,5,0,0,0,0,0,0,0
56,0.9527559,0.1653543,0,0,0,0,0,0,5,0,0,0,0,0,0,0
56.2,0.9527559,0.1653543,0,0,0,0,0,0,5,0,0,0,0,0,0,0
56.4,0.9527559,0.1732284,0,0,0,0,0,0,5,0,0,0,0,0,0,0
56.6,0.9527559,0.1732284,0,0,0,0,0,0,5,0,0,0,0,0,0,0
56.8,0.9527559,0.1811024,0,0,0,0,0,0,5,0,0,0,0,0,0,0
57,0.9527559,0.1811024,0,0,0,0,0,0,5,0,0,0,0,0,0,0
57.2,0.9606299,0.1889764,0,0,0,0,0,0,5,0,0,0,0,0,0,0
57.4,0.9606299,0.1889764,0,0,0,0,0,0,5,0,0,0,0,0,0,0
57.6,0.9606299,0.1968504,0,0,0,0,0,0,5,0,0,0,0,0,0,0
57.8,0.9606299,0.1968504,0,0,0,0,0,0,5,0,0,0,0,0,0,0
58,0.9606299,0.2047244,0,0,0,0,0,0,5,0,0,0,0,0,0,0
58.2,0.9606299,0.2047244,0,0,0,0,0,0,5,0,0,0,0,0,0,0
58.4,0.9606299,0.2125984,0,0,0,0,0,0,5,0,0,0,0,0,0,0
58.6,0.9606299,0.2125984,0,0,0,0,0,0,5,0,0,0,0,0,0,0
58.8,0.9606299,0.2204724,0,0,0,0,0,0,5,0,0,0,0,0,0,0
59,0.9606299,0.2204724,0,0,0,0,0,0,5,0,0,0,0,0,0,0
59.2,0.968504,0.2283465,0,0,0,0,0,0,5,0,0,0,0,0,0,0
59.4,0.968504,0.2283465,0,0,0,0,0,0,5,0,0,0,0,0,0,0
59.6,0.968504,0.2362205,0,0,0,0,0,0,5,0,0,0,0,0,0,0
59.8,0.968504,0.2362205,0,0,0,0,0,0,5,0,0,0,0,0,0,0
60,0.968504,0.2440945,0,0,0,0,0,0,5,0,0,0,0,0,0,0
60.2,0.968504,0.2440945,0,0,0,0,0,0,5,0,0,0,0,0,0,0
60.4,0.968504,0.2519685,0,0,0,0,0,0,5,0,0,0,0,0,0,0
60.6,0.968504,0.2519685,0,0,0,0,0,0,5,0,0,0,0,0,0,0
60.8,0.968504,0.2598425,0,0,0,0,0,0,5,0,0,0,0,0,0,0
61,0.976378,0.2598425,0,0,0,0,0,0,5,0,0,0,0,0,0,0
61.2,0.976378,0.2677165,0,0,0,0,0,0,5,0,0,0,0,0,0,0
61.4,0.976378,0.2677165,0,0,0,0,0,0,5,0,0,0,0,0,0,0
61.6,0.976378,0.2755905,0,0,0,0,0,0,5,0,0,0,0,0,0,0
61.8,0.976378,0.2755905,0,0,0,0,0,0,5,0,0,0,0,0,0,0
62,0.976378,0.2834646,0,0,0,0,0,0,5,0,0,0,0,0,0,0
62.2,0.976378,0.2834646,0,0,0,0,0,0,5,0,0,0,0,0,0,0
62.4,0.976378,0.2913386,0,0,0,0,0,0,5,0,0,0,0,0,0,0
62.6,0.976378,0.2913386,0,0,0,0,0,0,5,0,0,0,0,0,0,0
62.8,0.976378,0.2992126,0,0,0,0,0,0,5,0,0,0,0,0,0,0
63,0.984252,0.2992126,0,0,0,0,0,0,5,0,0,0,0,0,0,0
63.2,0.984252,0.3070866,0,0,0,0,0,0,5,0,0,0,0,0,0,0
63.4,0.984252,0.3070866,0,0,0,0,0,0,5,0,0,0,0,0,0,0
63.6,0.984252,0.3149606,0,0,0,0,0,0,5,0,0,0,0,0,0,0
63.8,0.984252,0.3149606,0,0,0,0,0,0,5,0,0,0,0,0,0,0
64,0.984252,0.3228346,0,0,0,0,0,0,5,0,0,0,0,0,0,0
64.2,0.984252,0.3228346,0,0,0,0,0,0,5,0,0,0,0,0,0,0
64.4,0.984252,0.3307087,0,0,0,0,0,0,5,0,0,0,0,0,0,0
64.6,0.984252,0.3307087,0,0,0,0,0,0,5,0,0,0,0,0,0,0
64.8,0.992126,0.3385827,0,0,0,0,0,0,5,0,0,0,0,0,0,0
65,0.992126,0.3385827,0,0,0,0,0,0,5,0,0,0,0,0,0,0
65.2,0.992126,0.3464567,0,0,0,0,0,0,5,0,0,0,0,0,0,0
65.4,0.992126,0.3464567,0,0,0,0,0,0,5,0,0,0,0,0,0,0
65.6,0.992126,0.3543307,0,0,0,0,0,0,5,0,0,0,0,0,0,0
65.8,0.992126,0.3543307,0,0,0,0,0,0,5,0,0,0,0,0,0,0
66,0.992126,0.3622047,0,0,0,0,0,0,5,0,0,0,0,0,0,0
66.2,0.992126,0.3622047,0,0,0,0,0,0,5,0,0,0,0,0,0,0
66.4,0.992126,0.3700787,0,0,0,0,0,0,5,0,0,0,0,0,0,0
66.6,0.992126,0.3700787,0,0,0,0,0,0,5,0,0,0,0,0,0,0
66.8,1,0.3779528,0,0,0,0,0,0,5,0,0,0,0,0,0,0
67,1,0.3779528,0,0,0,0,0,0,5,0,0,0,0,0,0,0
67.2,1,0.3858268,0,0,0,0,0,0,5,0,0,0,0,0,0,0
67.4,1,0.3858268,0,0,0,0,0,0,5,0,0,0,0,0,0,0
67.6,1,0.3937008,0,0,0,0,0,0,5,0,0,0,0,0,0,0
67.8,1,0.3937008,0,0,0,0,0,0,5,0,0,0,0,0,0,0
68,1,0.4015748,0,0,0,0,0,0,5,0,0,0,0,0,0,0
68.2,1,0.4015748,0,0,0,0,0,0,5,0,0,0,0,0,0,0
68.4,1,0.4094488,0,0,0,0,0,0,5,0,0,0,0,0,0,0
68.6,1,0.4094488,0,0,0,0,0,0,5,0,0,0,0,0,0,0
68.8,1,0.4173228,0,0,0,0,0,0,5,0,0,0,0,0,0,0
69,1,0.4173228,0,0,0,0,0,0,5,0,0,0,0,0,0,0
69.2,1,0.4251969,0,0,0,0,0,0,5,0,0,0,0,0,0,0
69.4,1,0.4251969,0,0,0,0,0,0,5,0,0,0,0,0,0,0
69.6,1,0.4330709,0,0,0,0,0,0,5,0,0,0,0,0,0,0
69.8,0.992126,0.4330709,0,0,0,0,0,0,5,0,0,0,0,0,0,0
70,0.992126,0.4409449,0,0,0,0,0,0,5,0,0,0,0,0,0,0
70.2,0.992126,0.4409449,0,0,0,0,0,0,5,0,0,0,0,0,0,0
70.4,0.992126,0.4488189,0,0,0,0,0,0,5,0,0,0,0,0,0,0
70.6,0.992126,0.4488189,0,0,0,0,0,0,5,0,0,0,0,0,0,0
70.8,0.984252,0.4566929,0,0,0,0,0,0,5,0,0,0,0,0,0,0
71,0.984252,0.4566929,0,0,0,0,0,0,5,0,0,0,0,0,0,0
71.2,0.984252,0.4645669,0,0,0,0,0,0,5,0,0,0,0,0,0,0
71.4,0.984252,0.4645669,0,0,0,0,0,0,5,0,0,0,0,0,0,0
71.6,0.984252,0.472441,0,0,0,0,0,0,5,0,0,0,0,0,0,0
71.8,0.976378,0.472441,0,0,0,0,0,0,5,0,0,0,0,0,0,0
72,0.976378,0.480315,0,0,0,0,0,0,5,0,0,0,0,0,0,0
72.2,0.976378,0.480315,0,0,0,0,0,0,5,0,0,0,0,0,0,0
72.4,0.976378,0.488189,0,0,0,0,0,0,5,0,0,0,0,0,0,0
72.6,0.976378,0.488189,0,0,0,0,0,0,5,0,0,0,0,0,0,0
72.8,0.968504,0.496063,0,0,0,0,0,0,5,0,0,0,0,0,0,0
73,0.968504,0.496063,0,0,0,0,0,0,5,0,0,0,0,0,0,0
73.2,0.968504,0.503937,0,0,0,0,0,0,5,0,0,0,0,0,0,0
73.4,0.968504,0.503937,0,0,0,0,0,0,5,0,0,0,0,0,0,0
73.6,0.968504,0.511811,0,0,0,0,0,0,5,0,0,0,0,0,0,0
73.8,0.968504,0.511811,0,0,0,0,0,0,5,0,0,0,0,0,0,0
74,0.9606299,0.519685,0,0,0,0,0,0,5,0,0,0,0,0,0,0
74.2,0.9606299,0.519685,0,0,0,0,0,0,5,0,0,0,0,0,0,0
74.4,0.9606299,0.527559,0,0,0,0,0,0,5,0,0,0,0,0,0,0
74.6,0.9606299,0.527559,0,0,0,0,0,0,5,0,0,0,0,0,0,0
74.8,0.9606299,0.5354331,0,0,0,0,0,0,5,0,0,0,0,0,0,0
75,0.9527559,0.5354331,0,0,0,0,0,0,5,0,0,0,0,0,0,0
75.2,0.9527559,0.5433071,0,0,0,0,0,0,5,0,0,0,0,0,0,0
75.4,0.9527559,0.5433071,0,0,0,0,0,0,5,0,0,0,0,0,0,0
75.6,0.9527559,0.5433071,0,0,0,0,0,0,5,0,0,0,0,0,0,0
75.8,0.9527559,0.5433071,0,0,0,0,0,0,5,0,0,0,0,0,0,0
76,0.9448819,0.5354331,0,0,0,0,0,0,5,0,0,0,0,0,0,0
76.2,0.9448819,0.527559,0,0,0,0,0,0,5,0,0,0,0,0,0,0
76.4,0.9448819,0.519685,0,0,0,0,0,0,5,0,0,0,0,0,0,0
76.6,0.9448819,0.511811,0,0,0,0,0,0,5,0,0,0,0,0,0,0
76.8,0.9448819,0.503937,0,0,0,0,0,0,5,0,0,0,0,0,0,0
77,0.9370078,0.496063,0,0,0,0,0,0,5,0,0,0,0,0,0,0
77.2,0.9370078,0.488189,0,0,0,0,0,0,5,0,0,0,0,0,0,0
77.4,0.9370078,0.480315,0,0,0,0,0,0,5,0,0,0,0,0,0,0
77.6,0.9370078,0.472441,0,0,0,0,0,0,5,0,0,0,0,0,0,0
77.8,0.9370078,0.4645669,0,0,0,0,0,0,5,0,0,0,0,0,0,0
78,0.9370078,0.4566929,0,0,0,0,0,0,5,0,0,0,0,0,0,0
78.2,0.9291338,0.4488189,0,0,0,0,0,0,5,0,0,0,0,0,0,0
78.4,0.9291338,0.4409449,0,0,0,0,0,0,5,0,0,0,0,0,0,0
78.6,0.9291338,0.4330709,0,0,0,0,0,0,5,0,0,0,0,0,0,0
78.8,0.9291338,0.4251969,0,0,0,0,0,0,5,0,0,0,0,0,0,0
79,0.9291338,0.4173228,0,0,0,0,0,0,5,0,0,0,0,0,0,0
79.2,0.9212598,0.4094488,0,0,0,0,0,0,5,0,0,0,0,0,0,0
79.4,0.9212598,0.4015748,0,0,0,0,0,0,5,0,0,0,0,0,0,0
79.6,0.9212598,0.3937008,0,0,0,0,0,0,5,0,0,0,0,0,0,0
79.8,0.9212598,0.3858268,0,0,0,0,0,0,5,0,0,0,0,0,0,0
80,0.9212598,0.3779528,0,0,0,0,0,0,5,0,0,0,0,0,0,0
80.2,0.9133858,0.3700787,0,0,0,0,0,0,5,0,0,0,0,0,0,0
80.4,0.9133858,0.3622047,0,0,0,0,0,0,5,0,0,0,0,0,0,0
80.6,0.9133858,0.3622047,0,0,0,0,0,0,5,0,0,0,0,0,0,0
80.8,0.9133858,0.3543307,0,0,0,0,0,0,5,0,0,0,0,0,0,0
81,0.9133858,0.3464567,0,0,0,0,0,0,5,0,0,0,0,0,0,0
81.2,0.9055118,0.3385827,0,0,0,0,0,0,5,0,0,0,0,0,0,0
81.4,0.9055118,0.3307087,0,0,0,0,0,0,5,0,0,0,0,0,0,0
81.6,0.9055118,0.3228346,0,0,0,0,0,0,5,0,0,0,0,0,0,0
81.8,0.9055118,0.3149606,0,0,0,0,0,0,5,0,0,0,0,0,0,0
82,0.9055118,0.3070866,0,0,0,0,0,0,5,0,0,0,0,0,0,0
82.2,0.9055118,0.2992126,0,0,0,0,0,0,5,0,0,0,0,0,0,0
82.4,0.8976378,0.2913386,0,0,0,0,0,0,5,0,0,0,0,0,0,0
82.6,0.8976378,0.2834646,0,0,0,0,0,0,5,0,0,0,0,0,0,0
82.8,0.8976378,0.2755905,0,0,0,0,0,0,5,0,0,0,0,0,0,0
83,0.8976378,0.2677165,0,0,0,0,0,0,5,0,0,0,0,0,0,0
83.2,0.8976378,0.2598425,0,0,0,0,0,0,5,0,0,0,0,0,0,0
83.4,0.8897638,0.2519685,0,0,0,0,0,0,5,0,0,0,0,0,0,0
83.6,0.8897638,0.2440945,0,0,0,0,0,0,5,0,0,0,0,0,0,0
83.8,0.8897638,0.2362205,0,0,0,0,0,0,5,0,0,0,0,0,0,0
84,0.8897638,0.2283465,0,0,0,0,0,0,5,0,0,0,0,0,0,0
84.2,0.8897638,0.2204724,0,0,0,0,0,0,5,0,0,0,0,0,0,0
84.4,0.8818898,0.2125984,0,0,0,0,0,0,5,0,0,0,0,0,0,0
84.6,0.8818898,0.2047244,0,0,0,0,0,0,5,0,0,0,0,0,0,0
84.8,0.8818898,0.1968504,0,0,0,0,0,0,5,0,0,0,0,0,0,0
85,0.8818898,0.1889764,0,0,0,0,0,0,5,0,0,0,0,0,0,0
85.2,0.8818898,0.1811024,0,0,0,0,0,0,5,0,0,0,0,0,0,0
85.4,0.8740157,0.1811024,0,0,0,0,0,0,5,0,0,0,0,0,0,0
85.6,0.8740157,0.1732284,0,0,0,0,0,0,5,0,0,0,0,0,0,0
85.8,0.8740157,0.1653543,0,0,0,0,0,0,5,0,0,0,0,0,0,0
86,0.8740157,0.1574803,0,0,0,0,0,0,5,0,0,0,0,0,0,0
86.2,0.8740157,0.1496063,0,0,0,0,0,0,5,0,0,0,0,0,0,0
86.4,0.8740157,0.1417323,0,0,0,0,0,0,5,0,0,0,0,0,0,0
86.6,0.8661417,0.1338583,0,0,0,0,0,0,5,0,0,0,0,0,0,0
86.8,0.8661417,0.1259843,0,0,0,0,0,0,5,0,0,0,0,0,0,0
87,0.8661417,0.1181102,0,0,0,0,0,0,5,0,0,0,0,0,0,0
87.2,0.8661417,0.1102362,0,0,0,0,0,0,5,0,0,0,0,0,0,0
87.4,0.8661417,0.1023622,0,0,0,0,0,0,5,0,0,0,0,0,0,0
87.6,0.8582677,0.09448819,0,0,0,0,0,0,5,0,0,0,0,0,0,0
87.8,0.8582677,0.08661418,0,0,0,0,0,0,5,0,0,0,0,0,0,0
88,0.8582677,0.07874016,0,0,0,0,0,0,5,0,0,0,0,0,0,0
88.2,0.8582677,0.07086615,0,0,0,0,0,0,5,0,0,0,0,0,0,0
88.4,0.8582677,0.06299213,0,0,0,0,0,0,5,0,0,0,0,0,0,0
88.6,0.8503937,0.05511811,0,0,0,0,0,0,5,0,0,0,0,0,0,0
88.8,0.8503937,0.04724409,0,0,0,0,0,0,5,0,0,0,0,0,0,0
89,0.8503937,0.03937008,0,0,0,0,0,0,5,0,0,0,0,0,0,0
89.2,0.8503937,0.03149606,0,0,0,0,0,0,5,0,0,0,0,0,0,0
89.4,0.8503937,0.02362205,0,0,0,0,0,0,5,0,0,0,0,0,0,0
89.6,0.8425197,0.01574803,0,0,0,0,0,0,5,0,0,0,0,0,0,0
89.8,0.8425197,0.007874016,0,0,0,0,0,0,5,0,0,0,0,0,0,0
90,0.8425197,0,0,0,0,0,0,0,5,0,0,0,0,0,0,0
90.2,0.8425197,0,0,0,0,0,0,0,5,0,0,0,0,0,0,0
90.4,0.8425197,0,0,0,0,0,0,0,5,0,0,0,0,0,0,0
90.6,0.8425197,0,0,0,0,0,0,0,5,0,0,0,0,0,0,0
90.8,0.8346457,0,0.007874016,0,0,0,0,0,5,0,0,0,0,0,0,0
91,0.8346457,0,0.007874016,0,0,0,0,0,5,0,0,0,0,0,0,0
91.2,0.8346457,0,0.01574803,0,0,0,0,0,5,0,0,0,0,0,0,0
91.4,0.8346457,0,0.01574803,0,0,0,0,0,5,0,0,0,0,0,0,0
91.6,0.8346457,0,0.02362205,0,0,0,0,0,5,0,0,0,0,0,0,0
91.8,0.8267717,0,0.02362205,0,0,0,0,0,5,0,0,0,0,0,0,0
92,0.8267717,0,0.03149606,0,0,0,0,0,5,0,0,0,0,0,0,0
92.2,0.8267717,0,0.03149606,0,0,0,0,0,5,0,0,0,0,0,0,0
92.4,0.8267717,0,0.03937008,0,0,0,0,0,5,0,0,0,0,0,0,0
92.6,0.8267717,0,0.03937008,0,0,0,0,0,5,0,0,0,0,0,0,0
92.8,0.8188977,0,0.04724409,0,0,0,0,0,5,0,0,0,0,0,0,0
93,0.8188977,0,0.04724409,0,0,0,0,0,5,0,0,0,0,0,0,0
93.2,0.8188977,0,0.05511811,0,0,0,0,0,5,0,0,0,0,0,0,0
93.4,0.8188977,0,0.05511811,0,0,0,0,0,5,0,0,0,0,0,0,0
93.6,0.8188977,0,0.06299213,0,0,0,0,0,5,0,0,0,0,0,0,0
93.8,0.8110236,0,0.06299213,0,0,0,0,0,5,0,0,0,0,0,0,0
94,0.8110236,0,0.07086615,0,0,0,0,0,5,0,0,0,0,0,0,0
94.2,0.8110236,0,0.07086615,0,0,0,0,0,5,0,0,0,0,0,0,0
94.4,0.8110236,0,0.07086615,0,0,0,0,0,5,0,0,0,0,0,0,0
94.6,0.8110236,0,0.07874016,0,0,0,0,0,5,0,0,0,0,0,0,0
94.8,0.8110236,0,0.07874016,0,0,0,0,0,5,0,0,0,0,0,0,0
95,0.8031496,0,0.08661418,0,0,0,0,0,5,0,0,0,0,0,0,0
95.2,0.8031496,0,0.08661418,0,0,0,0,0,5,0,0,0,0,0,0,0
95.4,0.8031496,0,0.09448819,0,0,0,0,0,5,0,0,0,0,0,0,0
95.6,0.8031496,0,0.09448819,0,0,0,0,0,5,0,0,0,0,0,0,0
95.8,0.8031496,0,0.1023622,0,0,0,0,0,5,0,0,0,0,0,0,0
96,0.7952756,0,0.1023622,0,0,0,0,0,5,0,0,0,0,0,0,0
96.2,0.7952756,0,0.1102362,0,0,0,0,0,5,0,0,0,0,0,0,0
96.4,0.7952756,0,0.1102362,0,0,0,0,0,5,0,0,0,0,0,0,0
96.6,0.7952756,0,0.1181102,0,0,0,0,0,5,0,0,0,0,0,0,0
96.8,0.7952756,0,0.1181102,0,0,0,0,0,5,0,0,0,0,0,0,0
97,0.7874016,0,0.1259843,0,0,0,0,0,5,0,0,0,0,0,0,0
97.2,0.7874016,0,0.1259843,0,0,0,0,0,5,0,0,0,0,0,0,0
97.4,0.7874016,0,0.1338583,0,0,0,0,0,5,0,0,0,0,0,0,0
97.6,0.7874016,0,0.1338583,0,0,0,0,0,5,0,0,0,0,0,0,0
97.8,0.7874016,0,0.1417323,0,0,0,0,0,5,0,0,0,0,0,0,0
98,0.7874016,0,0.1417323,0,0,0,0,0,5,0,0,0,0,0,0,0
98.2,0.7795275,0,0.1496063,0,0,0,0,0,5,0,0,0,0,0,0,0
98.4,0.7716535,0,0.1496063,0,0,0,0,0,5,0,0,0,0,0,0,0
98.6,0.7716535,0,0.1496063,0,0,0,0,0,5,0,0,0,0,0,0,0
98.8,0.7637795,0,0.1574803,0,0,0,0,0,5,0,0,0,0,0,0,0
99,0.7559055,0,0.1574803,0,0,0,0,0,5,0,0,0,0,0,0,0
99.2,0.7559055,0,0.1653543,0,0,0,0,0,5,0,0,0,0,0,0,0
99.4,0.7480315,0,0.1653543,0,0,0,0,0,5,0,0,0,0,0,0,0
99.6,0.7401575,0,0.1732284,0,0,0,0,0,5,0,0,0,0,0,0,0
99.8,0.7401575,0,0.1732284,0,0,0,0,0,5,0,0,0,0,0,0,0
100,0.7322835,0,0.1811024,0,0,0,0,0,5,0,0,0,0,0,0,0
100.2,0.7322835,0,0.1811024,0,0,0,0,0,5,0,0,0,0,0,0,0
100.4,0.7244095,0,0.1889764,0,0,0,0,0,5,0,0,0,0,0,0,0
100.6,0.7165354,0,0.1889764,0,0,0,0,0,5,0,0,0,0,0,0,0
100.8,0.7165354,0,0.1968504,0,0,0,0,0,5,0,0,0,0,0,0,0
101,0.7086614,0,0.1968504,0,0,0,0,0,5,0,0,0,0,0,0,0
101.2,0.7007874,0,0.2047244,0,0,0,0,0,5,0,0,0,0,0,0,0
101.4,0.7007874,0,0.2047244,0,0,0,0,0,5,0,0,0,0,0,0,0
101.6,0.6929134,0,0.2125984,0,0,0,0,0,5,0,0,0,0,0,0,0
101.8,0.6850393,0,0.2125984,0,0,0,0,0,5,0,0,0,0,0,0,0
102,0.6850393,0,0.2204724,0,0,0,0,0,5,0,0,0,0,0,0,0
102.2,0.6771653,0,0.2204724,0,0,0,0,0,5,0,0,0,0,0,0,0
102.4,0.6771653,0,0.2283465,0,0,0,0,0,5,0,0,0,0,0,0,0
102.6,0.6692913,0,0.2283465,0,0,0,0,0,5,0,0,0,0,0,0,0
102.8,0.6614173,0,0.2283465,0,0,0,0,0,5,0,0,0,0,0,0,0
103,0.6614173,0,0.2362205,0,0,0,0,0,5,0,0,0,0,0,0,0
103.2,0.6535433,0,0.2362205,0,0,0,0,0,5,0,0,0,0,0,0,0
103.4,0.6456693,0,0.2440945,0,0,0,0,0,5,0,0,0,0,0,0,0
103.6,0.6456693,0,0.2440945,0,0,0,0,0,5,0,0,0,0,0,0,0
103.8,0.6377953,0,0.2519685,0,0,0,0,0,5,0,0,0,0,0,0,0
104,0.6299213,0,0.2519685,0,0,0,0,0,5,0,0,0,0,0,0,0
104.2,0.6299213,0,0.2598425,0,0,0,0,0,5,0,0,0,0,0,0,0
104.4,0.6220472,0,0.2598425,0,0,0,0,0,5,0,0,0,0,0,0,0
104.6,0.6220472,0,0.2677165,0,0,0,0,0,5,0,0,0,0,0,0,0
104.8,0.6141732,0,0.2677165,0,0,0,0,0,5,0,0,0,0,0,0,0
105,0.6062992,0,0.2755905,0,0,0,0,0,5,0,0,0,0,0,0,0
105.2,0.6062992,0,0.2755905,0,0,0,0,0,5,0,0,0,0,0,0,0
105.4,0.5984252,0,0.2834646,0,0,0,0,0,5,0,0,0,0,0,0,0
105.6,0.5905512,0,0.2834646,0,0,0,0,0,5,0,0,0,0,0,0,0
105.8,0.5905512,0,0.2913386,0,0,0,0,0,5,0,0,0,0,0,0,0
106,0.5826772,0,0.2913386,0,0,0,0,0,5,0,0,0,0,0,0,0
106.2,0.5748032,0,0.2992126,0,0,0,0,0,5,0,0,0,0,0,0,0
106.4,0.5748032,0,0.2992126,0,0,0,0,0,5,0,0,0,0,0,0,0
106.6,0.5669292,0,0.3070866,0,0,0,0,0,5,0,0,0,0,0,0,0
106.8,0.5669292,0,0.3070866,0,0,0,0,0,5,0,0,0,0,0,0,0
107,0.5590551,0,0.3070866,0,0,0,0,0,5,0,0,0,0,0,0,0
107.2,0.5511811,0,0.3149606,0,0,0,0,0,5,0,0,0,0,0,0,0
107.4,0.5511811,0,0.3149606,0,0,0,0,0,5,0,0,0,0,0,0,0
107.6,0.5433071,0,0.3228346,0,0,0,0,0,5,0,0,0,0,0,0,0
107.8,0.5354331,0,0.3228346,0,0,0,0,0,5,0,0,0,0,0,0,0
108,0.5354331,0,0.3307087,0,0,0,0,0,5,0,0,0,0,0,0,0
108.2,0.527559,0,0.3307087,0,0,0,0,0,5,0,0,0,0,0,0,0
108.4,0.519685,0,0.3385827,0,0,0,0,0,5,0,0,0,0,0,0,0
108.6,0.519685,0,0.3385827,0,0,0,0,0,5,0,0,0,0,0,0,0
108.8,0.511811,0,0.3464567,0,0,0,0,0,5,0,0,0,0,0,0,0
109,0.511811,0,0.3464567,0,0,0,0,0,5,0,0,0,0,0,0,0
109.2,0.503937,0,0.3543307,0,0,0,0,0,5,0,0,0,0,0,0,0
109.4,0.496063,0,0.3543307,0,0,0,0,0,5,0,0,0,0,0,0,0
109.6,0.496063,0,0.3622047,0,0,0,0,0,5,0,0,0,0,0,0,0
109.8,0.488189,0,0.3622047,0,0,0,0,0,5,0,0,0,0,0,0,0
110,0.480315,0,0.3700787,0,0,0,0,0,5,0,0,0,0,0,0,0
110.2,0.480315,0,0.3700787,0,0,0,0,0,5,0,0,0,0,0,0,0
110.4,0.472441,0,0.3779528,0,0,0,0,0,5,0,0,0,0,0,0,0
110.6,0.472441,0,0.3779528,0,0,0,0,0,5,0,0,0,0,0,0,0
110.8,0.4645669,0,0.3858268,0,0,0,0,0,5,0,0,0,0,0,0,0
111,0.4566929,0,0.3858268,0,0,0,0,0,5,0,0,0,0,0,0,0
111.2,0.4566929,0,0.3937008,0,0,0,0,0,5,0,0,0,0,0,0,0
111.4,0.4488189,0,0.3937008,0,0,0,0,0,5,0,0,0,0,0,0,0
111.6,0.4409449,0,0.3937008,0,0,0,0,0,5,0,0,0,0,0,0,0
111.8,0.4409449,0,0.4015748,0,0,0,0,0,5,0,0,0,0,0,0,0
112,0.4330709,0,0.4015748,0,0,0,0,0,5,0,0,0,0,0,0,0
112.2,0.4251969,0,0.4094488,0,0,0,0,0,5,0,0,0,0,0,0,0
112.4,0.4251969,0,0.4094488,0,0,0,0,0,5,0,0,0,0,0,0,0
112.6,0.4173228,0,0.4173228,0,0,0,0,0,5,0,0,0,0,0,0,0
112.8,0.4173228,0,0.4173228,0,0,0,0,0,5,0,0,0,0,0,0,0
113,0.4094488,0,0.4251969,0,0,0,0,0,5,0,0,0,0,0,0,0
113.2,0.4015748,0,0.4251969,0,0,0,0,0,5,0,0,0,0,0,0,0
113.4,0.4015748,0,0.4330709,0,0,0,0,0,5,0,0,0,0,0,0,0
113.6,0.3937008,0,0.4330709,0,0,0,0,0,5,0,0,0,0,0,0,0
113.8,0.3858268,0,0.4409449,0,0,0,0,0,5,0,0,0,0,0,0,0
114,0.3858268,0,0.4409449,0,0,0,0,0,5,0,0,0,0,0,0,0
114.2,0.3779528,0,0.4488189,0,0,0,0,0,5,0,0,0,0,0,0,0
114.4,0.3700787,0,0.4488189,0,0,0,0,0,5,0,0,0,0,0,0,0
114.6,0.3700787,0,0.4566929,0,0,0,0,0,5,0,0,0,0,0,0,0
114.8,0.3622047,0,0.4566929,0,0,0,0,0,5,0,0,0,0,0,0,0
115,0.3622047,0,0.4645669,0,0,0,0,0,5,0,0,0,0,0,0,0
115.2,0.3543307,0,0.4645669,0,0,0,0,0,5,0,0,0,0,0,0,0
115.4,0.3464567,0,0.472441,0,0,0,0,0,5,0,0,0,0,0,0,0
115.6,0.3464567,0,0.472441,0,0,0,0,0,5,0,0,0,0,0,0,0
115.8,0.3385827,0,0.472441,0,0,0,0,0,5,0,0,0,0,0,0,0
116,0.3307087,0,0.480315,0,0,0,0,0,5,0,0,0,0,0,0,0
116.2,0.3307087,0,0.480315,0,0,0,0,0,5,0,0,0,0,0,0,0
116.4,0.3228346,0,0.488189,0,0,0,0,0,5,0,0,0,0,0,0,0
116.6,0.3149606,0,0.488189,0,0,0,0,0,5,0,0,0,0,0,0,0
116.8,0.3149606,0,0.496063,0,0,0,0,0,5,0,0,0,0,0,0,0
117,0.3070866,0,0.496063,0,0,0,0,0,5,0,0,0,0,0,0,0
117.2,0.3070866,0,0.503937,0,0,0,0,0,5,0,0,0,0,0,0,0
117.4,0.2992126,0,0.503937,0,0,0,0,0,5,0,0,0,0,0,0,0
117.6,0.2913386,0,0.511811,0,0,0,0,0,5,0,0,0,0,0,0,0
117.8,0.2913386,0,0.511811,0,0,0,0,0,5,0,0,0,0,0,0,0
118,0.2834646,0,0.519685,0,0,0,0,0,5,0,0,0,0,0,0,0
118.2,0.2755905,0,0.519685,0,0,0,0,0,5,0,0,0,0,0,0,0
118.4,0.2755905,0,0.527559,0,0,0,0,0,5,0,0,0,0,0,0,0
118.6,0.2677165,0,0.527559,0,0,0,0,0,5,0,0,0,0,0,0,0
118.8,0.2598425,0,0.5354331,0,0,0,0,0,5,0,0,0,0,0,0,0
119,0.2598425,0,0.5354331,0,0,0,0,0,5,0,0,0,0,0,0,0
119.2,0.2519685,0,0.5433071,0,0,0,0,0,5,0,0,0,0,0,0,0
119.4,0.2519685,0,0.5433071,0,0,0,0,0,5,0,0,0,0,0,0,0
119.6,0.2440945,0,0.5511811,0,0,0,0,0,5,0,0,0,0,0,0,0
119.8,0.2362205,0,0.5511811,0,0,0,0,0,5,0,0,0,0,0,0,0
120,0.2362205,0,0.5511811,0,0,0,0,0,5,0,0,0,0,0,0,0
120.2,0.2283465,0,0.5590551,0,0,0,0,0,5,0,0,0,0,0,0,0
120.4,0.2204724,0,0.5590551,0,0,0,0,0,5,0,0,0,0,0,0,0
120.6,0.2204724,0,0.5669292,0,0,0,0,0,5,0,0,0,0,0,0,0
120.8,0.2125984,0,0.5669292,0,0,0,0,0,5,0,0,0,0,0,0,0
121,0.2047244,0,0.5748032,0,0,0,0,0,5,0,0,0,0,0,0,0
121.2,0.2047244,0,0.5748032,0,0,0,0,0,5,0,0,0,0,0,0,0
121.4,0.1968504,0,0.5826772,0,0,0,0,0,5,0,0,0,0,0,0,0
121.6,0.1968504,0,0.5826772,0,0,0,0,0,5,0,0,0,0,0,0,0
121.8,0.1889764,0,0.5905512,0,0,0,0,0,5,0,0,0,0,0,0,0
122,0.1811024,0,0.5905512,0,0,0,0,0,5,0,0,0,0,0,0,0
122.2,0.1811024,0,0.5984252,0,0,0,0,0,5,0,0,0,0,0,0,0
122.4,0.1732284,0,0.5984252,0,0,0,0,0,5,0,0,0,0,0,0,0
122.6,0.1653543,0,0.6062992,0,0,0,0,0,5,0,0,0,0,0,0,0
122.8,0.1653543,0,0.6062992,0,0,0,0,0,5,0,0,0,0,0,0,0
123,0.1574803,0,0.6141732,0,0,0,0,0,5,0,0,0,0,0,0,0
123.2,0.1496063,0,0.6220472,0,0,0,0,0,5,0,0,0,0,0,0,0
123.4,0.1496063,0,0.6299212,0,0,0,0,0,5,0,0,0,0,0,0,0
123.6,0.1496063,0,0.6377952,0,0,0,0,0,5,0,0,0,0,0,0,0
123.8,0.1496063,0,0.6456692,0,0,0,0,0,5,0,0,0,0,0,0,0
124,0.1496063,0,0.6535432,0,0,0,0,0,5,0,0,0,0,0,0,0
124.2,0.1496063,0,0.6614172,0,0,0,0,0,5,0,0,0,0,0,0,0
124.4,0.1496063,0,0.6692912,0,0,0,0,0,5,0,0,0,0,0,0,0
124.6,0.1496063,0,0.6771652,0,0,0,0,0,5,0,0,0,0,0,0,0
124.8,0.1496063,0,0.6850392,0,0,0,0,0,5,0,0,0,0,0,0,0
125,0.1496063,0,0.6929132,0,0,0,0,0,5,0,0,0,0,0,0,0
125.2,0.1417323,0,0.7007872,0,0,0,0,0,5,0,0,0,0,0,0,0
125.4,0.1417323,0,0.7036612,0,0,0,0,0,5,0,0,0,0,0,0,0
125.6,0.1417323,0,0.7065352,0,0,0,0,0,5,0,0,0,0,0,0,0
125.8,0.1417323,0,0.7094092,0,0,0,0,0,5,0,0,0,0,0,0,0
126,0.1417323,0,0.7122832,0,0,0,0,0,5,0,0,0,0,0,0,0
126.2,0.1417323,0,0.7151572,0,0,0,0,0,5,0,0,0,0,0,0,0
126.4,0.1417323,0,0.7180312,0,0,0,0,0,5,0,0,0,0,0,0,0
126.6,0.1417323,0,0.7209052,0,0,0,0,0,5,0,0,0,0,0,0,0
126.8,0.1417323,0,0.7237792,0,0,0,0,0,5,0,0,0,0,0,0,0
127,0.1338583,0,0.7266532,0,0,0,0,0,5,0,0,0,0,0,0,0
127.2,0.1338583,0,0.7295272,0,0,0,0,0,5,0,0,0,0,0,0,0
127.4,0.1338583,0,0.7324012,0,0,0,0,0,5,0,0,0,0,0,0,0
127.6,0.1338583,0,0.7352752,0,0,0,0,0,5,0,0,0,0,0,0,0
127.8,0.1338583,0,0.7381492,0,0,0,0,0,5,0,0,0,0,0,0,0
128,0.1338583,0,0.7410232,0,0,0,0,0,5,0,0,0,0,0,0,0
128.2,0.1338583,0,0.7438972,0,0,0,0,0,5,0,0,0,0,0,0,0
128.4,0.1338583,0,0.7467712,0,0,0,0,0,5,0,0,0,0,0,0,0
128.6,0.1338583,0,0.7496452,0,0,0,0,0,5,0,0,0,0,0,0,0
128.8,0.1259843,0,0.7525192,0,0,0,0,0,5,0,0,0,0,0,0,0
129,0.1259843,0,0.7553932,0,0,0,0,0,5,0,0,0,0,0,0,0
129.2,0.1259843,0,0.7582672,0,0,0,0,0,5,0,0,0,0,0,0,0
129.4,0.1259843,0,0.7611412,0,0,0,0,0,5,0,0,0,0,0,0,0
129.6,0.1259843,0,0.7640152,0,0,0,0,0,5,0,0,0,0,0,0,0
129.8,0.1259843,0,0.7668892,0,0,0,0,0,5,0,0,0,0,0,0,0
130,0.1259843,0,0.7697632,0,0,0,0,0,5,0,0,0,0,0,0,0
130.2,0.1259843,0,0.7726372,0,0,0,0,0,5,0,0,0,0,0,0,0
130.4,0.1259843,0,0.7755112,0,0,0,0,0,5,0,0,0,0,0,0,0
130.6,0.1181102,0,0.7783852,0,0,0,0,0,5,0,0,0,0,0,0,0
130.8,0.1181102,0,0.7812592,0,0,0,0,0,5,0,0,0,0,0,0,0
131,0.1181102,0,0.7841332,0,0,0,0,0,5,0,0,0,0,0,0,0
131.2,0.1181102,0,0.7870072,0,0,0,0,0,5,0,0,0,0,0,0,0
131.4,0.1181102,0,0.7898812,0,0,0,0,0,5,0,0,0,0,0,0,0
131.6,0.1181102,0,0.7927552,0,0,0,0,0,5,0,0,0,0,0,0,0
131.8,0.1181102,0,0.7956292,0,0,0,0,0,5,0,0,0,0,0,0,0
132,0.1181102,0,0.7985032,0,0,0,0,0,5,0,0,0,0,0,0,0
132.2,0.1181102,0,0.8013772,0,0,0,0,0,5,0,0,0,0,0,0,0
132.4,0.1102362,0,0.8042512,0,0,0,0,0,5,0,0,0,0,0,0,0
132.6,0.1102362,0,0.8071252,0,0,0,0,0,5,0,0,0,0,0,0,0
132.8,0.1102362,0,0.8099992,0,0,0,0,0,5,0,0,0,0,0,0,0
133,0.1102362,0,0.8128732,0,0,0,0,0,5,0,0,0,0,0,0,0
133.2,0.1102362,0,0.8157472,0,0,0,0,0,5,0,0,0,0,0,0,0
133.4,0.1102362,0,0.8186212,0,0,0,0,0,5,0,0,0,0,0,0,0
133.6,0.1102362,0,0.8214952,0,0,0,0,0,5,0,0,0,0,0,0,0
133.8,0.1102362,0,0.8243692,0,0,0,0,0,5,0,0,0,0,0,0,0
134,0.1102362,0,0.8272432,0,0,0,0,0,5,0,0,0,0,0,0,0
134.2,0.1102362,0,0.8301172,0,0,0,0,0,5,0,0,0,0,0,0,0
134.4,0.1023622,0,0.8329912,0,0,0,0,0,5,0,0,0,0,0,0,0
134.6,0.1023622,0,0.8358652,0,0,0,0,0,5,0,0,0,0,0,0,0
134.8,0.1023622,0,0.8387392,0,0,0,0,0,5,0,0,0,0,0,0,0
135,0.1023622,0,0.8416132,0,0,0,0,0,5,0,0,0,0,0,0,0
135.2,0.1023622,0,0.8444872,0,0,0,0,0,5,0,0,0,0,0,0,0
135.4,0.1023622,0,0.8473612,0,0,0,0,0,5,0,0,0,0,0,0,0
135.6,0.1023622,0,0.8502352,0,0,0,0,0,5,0,0,0,0,0,0,0
135.8,0.1023622,0,0.8531092,0,0,0,0,0,5,0,0,0,0,0,0,0
136,0.1023622,0,0.8559832,0,0,0,0,0,5,0,0,0,0,0,0,0
136.2,0.09448819,0,0.8588572,0,0,0,0,0,5,0,0,0,0,0,0,0
136.4,0.09448819,0,0.8617312,0,0,0,0,0,5,0,0,0,0,0,0,0
136.6,0.09448819,0,0.8646052,0,0,0,0,0,5,0,0,0,0,0,0,0
136.8,0.09448819,0,0.8674792,0,0,0,0,0,5,0,0,0,0,0,0,0
137,0.09448819,0,0.8703532,0,0,0,0,0,5,0,0,0,0,0,0,0
137.2,0.09448819,0,0.8732272,0,0,0,0,0,5,0,0,0,0,0,0,0
137.4,0.09448819,0,0.8761012,0,0,0,0,0,5,0,0,0,0,0,0,0
137.6,0.09448819,0,0.8789752,0,0,0,0,0,5,0,0,0,0,0,0,0
137.8,0.09448819,0,0.8818492,0,0,0,0,0,5,0,0,0,0,0,0,0
138,0.08661418,0,0.8847232,0,0,0,0,0,5,0,0,0,0,0,0,0
138.2,0.08661418,0,0.8875972,0,0,0,0,0,5,0,0,0,0,0,0,0
138.4,0.08661418,0,0.8904712,0,0,0,0,0,5,0,0,0,0,0,0,0
138.6,0.08661418,0,0.8933452,0,0,0,0,0,5,0,0,0,0,0,0,0
138.8,0.08661418,0,0.8962192,0,0,0,0,0,5,0,0,0,0,0,0,0
139,0.08661418,0,0.8990932,0,0,0,0,0,5,0,0,0,0,0,0,0
139.2,0.08661418,0,0.9019672,0,0,0,0,0,5,0,0,0,0,0,0,0
139.4,0.08661418,0,0.9048412,0,0,0,0,0,5,0,0,0,0,0,0,0
139.6,0.08661418,0,0.9077152,0,0,0,0,0,5,0,0,0,0,0,0,0
139.8,0.07874016,0,0.9105892,0,0,0,0,0,5,0,0,0,0,0,0,0
140,0.07874016,0,0.9134632,0,0,0,0,0,5,0,0,0,0,0,0,0
140.2,0.07874016,0,0.9163372,0,0,0,0,0,5,0,0,0,0,0,0,0
140.4,0.07874016,0,0.9192112,0,0,0,0,0,5,0,0,0,0,0,0,0
140.6,0.07874016,0,0.9220852,0,0,0,0,0,5,0,0,0,0,0,0,0
140.8,0.07874016,0,0.9249592,0,0,0,0,0,5,0,0,0,0,0,0,0
141,0.07874016,0,0.9278332,0,0,0,0,0,5,0,0,0,0,0,0,0
141.2,0.07874016,0,0.9307072,0,0,0,0,0,5,0,0,0,0,0,0,0
141.4,0.07874016,0,0.9335812,0,0,0,0,0,5,0,0,0,0,0,0,0
141.6,0.07086615,0,0.9364552,0,0,0,0,0,5,0,0,0,0,0,0,0
141.8,0.07086615,0,0.9393292,0,0,0,0,0,5,0,0,0,0,0,0,0
142,0.07086615,0,0.9422032,0,0,0,0,0,5,0,0,0,0,0,0,0
142.2,0.07086615,0,0.9450772,0,0,0,0,0,5,0,0,0,0,0,0,0
142.4,0.07086615,0,0.9479512,0,0,0,0,0,5,0,0,0,0,0,0,0
142.6,0.07086615,0,0.9508252,0,0,0,0,0,5,0,0,0,0,0,0,0
142.8,0.07086615,0,0.9536992,0,0,0,0,0,5,0,0,0,0,0,0,0
143,0.07086615,0,0.9565732,0,0,0,0,0,5,0,0,0,0,0,0,0
143.2,0.07086615,0,0.9594472,0,0,0,0,0,5,0,0,0,0,0,0,0
143.4,0.07086615,0,0.9623212,0,0,0,0,0,5,0,0,0,0,0,0,0
143.6,0.06299213,0,0.9651952,0,0,0,0,0,5,0,0,0,0,0,0,0
143.8,0.06299213,0,0.9680692,0,0,0,0,0,5,0,0,0,0,0,0,0
144,0.06299213,0,0.9709432,0,0,0,0,0,5,0,0,0,0,0,0,0
144.2,0.06299213,0,0.9738172,0,0,0,0,0,5,0,0,0,0,0,0,0
144.4,0.06299213,0,0.9766912,0,0,0,0,0,5,0,0,0,0,0,0,0
144.6,0.06299213,0,0.9795652,0,0,0,0,0,5,0,0,0,0,0,0,0
144.8,0.06299213,0,0.9824392,0,0,0,0,0,5,0,0,0,0,0,0,0
145,0.06299213,0,0.9853132,0,0,0,0,0,5,0,0,0,0,0,0,0
145.2,0.06299213,0,0.9881872,0,0,0,0,0,5,0,0,0,0,0,0,0
145.4,0.05511811,0,0.9910612,0,0,0,0,0,5,0,0,0,0,0,0,0
145.6,0.05511811,0,0.9939352,0,0,0,0,0,5,0,0,0,0,0,0,0
145.8,0.05511811,0,0.9968092,0,0,0,0,0,5,0,0,0,0,0,0,0
146,0.05511811,0,0.9996832,0,0,0,0,0,5,0,0,0,0,0,0,0
146.2,0.05511811,0,1.0025572,0,0,0,0,0,5,0,0,0,0,0,0,0
146.4,0.05511811,0,1.0054312,0,0,0,0,0,5,0,0,0,0,0,0,0
146.6,0.05511811,0,1.0083052,0,0,0,0,0,5,0,0,0,0,0,0,0
146.8,0.05511811,0,1.0111792,0,0,0,0,0,5,0,0,0,0,0,0,0
147,0.05511811,0,1.0140532,0,0,0,0,0,5,0,0,0,0,0,0,0
147.2,0.04724409,0,1.0169272,0,0,0,0,0,5,0,0,0,0,0,0,0
147.4,0.04724409,0,1.0198012,0,0,0,0,0,5,0,0,0,0,0,0,0
147.6,0.04724409,0,1.0226752,0,0,0,0,0,5,0,0,0,0,0,0,0
147.8,0.04724409,0,1.0255492,0,0,0,0,0,5,0,0,0,0,0,0,0
148,0.04724409,0,1.0284232,0,0,0,0,0,5,0,0,0,0,0,0,0
148.2,0.04724409,0,1.0312972,0,0,0,0,0,5,0,0,0,0,0,0,0
148.4,0.04724409,0,1.0341712,0,0,0,0,0,5,0,0,0,0,0,0,0
148.6,0.04724409,0,1.0370452,0,0,0,0,0,5,0,0,0,0,0,0,0
148.8,0.04724409,0,1.0399192,0,0,0,0,0,5,0,0,0,0,0,0,0
149,0.03937008,0,1.0427932,0,0,0,0,0,5,0,0,0,0,0,0,0
149.2,0.03937008,0,1.0456672,0,0,0,0,0,5,0,0,0,0,0,0,0
149.4,0.03937008,0,1.0485412,0,0,0,0,0,5,0,0,0,0,0,0,0
149.6,0.03937008,0,1.0514152,0,0,0,0,0,5,0,0,0,0,0,0,0
149.8,0.03937008,0,1.0542892,0,0,0,0,0,5,0,0,0,0,0,0,0
150,0.03937008,0,1.0571632,0,0,0,0,0,5,0,0,0,0,0,0,0
150.2,0.03937008,0,1.0600372,0,0,0,0,0,5,0,0,0,0,0,0,0
150.4,0.03937008,0,1.0629112,0,0,0,0,0,5,0,0,0,0,0,0,0
150.6,0.03937008,0,1.0657852,0,0,0,0,0,5,0,0,0,0,0,0,0
150.8,0.03149606,0,1.0686592,0,0,0,0,0,5,0,0,0,0,0,0,0
151,0.03149606,0,1.0715332,0,0,0,0,0,5,0,0,0,0,0,0,0
151.2,0.03149606,0,1.0744072,0,0,0,0,0,5,0,0,0,0,0,0,0
151.4,0.03149606,0,1.0772812,0,0,0,0,0,5,0,0,0,0,0,0,0
151.6,0.03149606,0,1.0801552,0,0,0,0,0,5,0,0,0,0,0,0,0
151.8,0.03149606,0,1.0830292,0,0,0,0,0,5,0,0,0,0,0,0,0
152,0.03149606,0,1.0859032,0,0,0,0,0,5,0,0,0,0,0,0,0
152.2,0.03149606,0,1.0887772,0,0,0,0,0,5,0,0,0,0,0,0,0
152.4,0.03149606,0,1.0916512,0,0,0,0,0,5,0,0,0,0,0,0,0
152.6,0.03149606,0,1.0945252,0,0,0,0,0,5,0,0,0,0,0,0,0
152.8,0.02362205,0,1.0973992,0,0,0,0,0,5,0,0,0,0,0,0,0
153,0.02362205,0,1.1002732,0,0,0,0,0,5,0,0,0,0,0,0,0
153.2,0.02362205,0,1.1031472,0,0,0,0,0,5,0,0,0,0,0,0,0
153.4,0.02362205,0,1.1060212,0,0,0,0,0,5,0,0,0,0,0,0,0
153.6,0.02362205,0,1.1088952,0,0,0,0,0,5,0,0,0,0,0,0,0
153.8,0.02362205,0,1.1117692,0,0,0,0,0,5,0,0,0,0,0,0,0
154,0.02362205,0,1.1146432,0,0,0,0,0,5,0,0,0,0,0,0,0
154.2,0.02362205,0,1.1175172,0,0,0,0,0,5,0,0,0,0,0,0,0
154.4,0.02362205,0,1.1203912,0,0,0,0,0,5,0,0,0,0,0,0,0
154.6,0.01574803,0,1.1232652,0,0,0,0,0,5,0,0,0,0,0,0,0
154.8,0.01574803,0,1.1261392,0,0,0,0,0,5,0,0,0,0,0,0,0
155,0.01574803,0,1.1290132,0,0,0,0,0,5,0,0,0,0,0,0,0
155.2,0.01574803,0,1.1318872,0,0,0,0,0,5,0,0,0,0,0,0,0
155.4,0.01574803,0,1.1347612,0,0,0,0,0,5,0,0,0,0,0,0,0
155.6,0.01574803,0,1.1376352,0,0,0,0,0,5,0,0,0,0,0,0,0
155.8,0.01574803,0,1.1405092,0,0,0,0,0,5,0,0,0,0,0,0,0
156,0.01574803,0,1.1433832,0,0,0,0,0,5,0,0,0,0,0,0,0
156.2,0.01574803,0,1.1462572,0,0,0,0,0,5,0,0,0,0,0,0,0
156.4,0.007874016,0,1.1491312,0,0,0,0,0,5,0,0,0,0,0,0,0
156.6,0.007874016,0,1.1520052,0,0,0,0,0,5,0,0,0,0,0,0,0
156.8,0.007874016,0,1.1548792,0,0,0,0,0,5,0,0,0,0,0,0,0
157,0.007874016,0,1.1577532,0,0,0,0,0,5,0,0,0,0,0,0,0
157.2,0.007874016,0,1.1606272,0,0,0,0,0,5,0,0,0,0,0,0,0
157.4,0.007874016,0,1.1635012,0,0,0,0,0,5,0,0,0,0,0,0,0
157.6,0.007874016,0,1.1663752,0,0,0,0,0,5,0,0,0,0,0,0,0
157.8,0.007874016,0,1.1692492,0,0,0,0,0,5,0,0,0,0,0,0,0
158,0.007874016,0,1.1721232,0,0,0,0,0,5,0,0,0,0,0,0,0
158.2,0,0,1.1749972,0,0,0,0,0,5,0,0,0,0,0,0,0
158.4,0,0,1.1778712,0,0,0,0,0,5,0,0,0,0,0,0,0
158.6,0,0,1.1807452,0,0,0,0,0,5,0,0,0,0,0,0,0
158.8,0,0,1.1836192,0,0,0,0,0,5,0,0,0,0,0,0,0
159,0,0,1.1864932,0,0,0,0,0,5,0,0,0,0,0,0,0
159.2,0,0,1.1893672,0,0,0,0,0,5,0,0,0,0,0,0,0
159.4,0,0,1.1922412,0,0,0,0,0,5,0,0,0,0,0,0,0
159.6,0,0,1.1951152,0,0,0,0,0,5,0,0,0,0,0,0,0
159.8,0,0,1.1979892,0,0,0,0,0,5,0,0,0,0,0,0,0
160,0,0,1.2008632,0,0,0,0,0,5,0,0,0,0,0,0,0
160.2,0,0,1.2037372,0,0,0,0,0,5,0,0,0,0,0,0,0
160.4,0,0,1.2066112,0,0,0,0,0,5,0,0,0,0,0,0,0
160.6,0,0,1.2094852,0,0,0,0,0,5,0,0,0,0,0,0,0
160.8,0,0,1.2123592,0,0,0,0,0,5,0,0,0,0,0,0,0
161,0,0,1.2152332,0,0,0,0,0,5,0,0,0,0,0,0,0
161.2,0,0,1.2181072,0,0,0,0,0,5,0,0,0,0,0,0,0
161.4,0,0,1.2209812,0,0,0,0,0,5,0,0,0,0,0,0,0
161.6,0,0,1.2238552,0,0,0,0,0,5,0,0,0,0,0,0,0
161.8,0,0,1.2267292,0,0,0,0,0,5,0,0,0,0,0,0,0
162,0,0,1.2296032,0,0,0,0,0,5,0,0,0,0,0,0,0
162.2,0,0,1.2324772,0,0,0,0,0,5,0,0,0,0,0,0,0
162.4,0,0,1.2353512,0,0,0,0,0,5,0,0,0,0,0,0,0
162.6,0,0,1.2382252,0,0,0,0,0,5,0,0,0,0,0,0,0
162.8,0,0,1.2410992,0,0,0,0,0,5,0,0,0,0,0,0,0
163,0,0,1.2439732,0,0,0,0,0,5,0,0,0,0,0,0,0
163.2,0,0,1.2468472,0,0,0,0,0,5,0,0,0,0,0,0,0
163.4,0,0,1.2497212,0,0,0,0,0,5,0,0,0,0,0,0,0
163.6,0,0,1.2525952,0,0,0,0,0,5,0,0,0,0,0,0,0
163.8,0,0,1.2554692,0,0,0,0,0,5,0,0,0,0,0,0,0
164,0,0,1.2583432,0,0,0,0,0,5,0,0,0,0,0,0,0
164.2,0,0,1.2612172,0,0,0,0,0,5,0,0,0,0,0,0,0
164.4,0,0,1.2640912,0,0,0,0,0,5,0,0,0,0,0,0,0
164.6,0,0,1.2669652,0,0,0,0,0,5,0,0,0,0,0,0,0
164.8,0,0,1.2698392,0,0,0,0,0,5,0,0,0,0,0,0,0
165,0,0,1.2727132,0,0,0,0,0,5,0,0,0,0,0,0,0
165.2,0,0,1.2755872,0,0,0,0,0,5,0,0,0,0,0,0,0
165.4,0,0,1.2784612,0,0,0,0,0,5,0,0,0,0,0,0,0
165.6,0,0,1.2813352,0,0,0,0,0,5,0,0,0,0,0,0,0
165.8,0,0,1.2813352,0,0,0,0,0,5,0,0,0,0,0,0,0
166,0,0,1.2813352,0,0,0,0,0,5,0,0,0,0,0,0,0
166.2,0,0,1.2813352,0,0,0,0,0,5,0,0,0,0,0,0,0
166.4,0,0,1.2813352,0,0,0,0,0,5,0,0,0,0,0,0,0
166.6,0,0,1.2813352,0,0,0,0,0,5,0,0,0,0,0,0,0
166.8,0,0,1.2813352,0,0,0,0,0,5,0,0,0,0,0,0,0
167,0,0,1.2813352,0,0,0,0,0,5,0,0,0,0,0,0,0
167.2,0,0,1.2813352,0,0,0,0,0,5,0,0,0,0,0,0,0
167.4,0,0,1.2813352,0,0,0,0,0,5,0,0,0,0,0,0,0
167.6,0,0,1.2813352,0,0,0,0,0,5,0,0,0,0,0,0,0
167.8,0,0,1.2813352,0,0,0,0,0,5,0,0,0,0,0,0,0
168,0,0,1.2813352,0,0,0,0,0,5,0,0,0,0,0,0,0
168.2,0,0,1.2813352,0,0,0,0,0,5,0,0,0,0,0,0,0
168.4,0,0,1.2813352,0,0,0,0,0,5,0,0,0,0,0,0,0
168.6,0,0,1.2813352,0,0,0,0,0,5,0,0,0,0,0,0,0
168.8,0,0,1.2813352,0,0,0,0,0,5,0,0,0,0,0,0,0
169,0,0,1.2813352,0,0,0,0,0,5,0,0,0,0,0,0,0
169.2,0,0,1.2813352,0,0,0,0,0,5,0,0,0,0,0,0,0
169.4,0,0,1.2813352,0,0,0,0,0,5,0,0,0,0,0,0,0
169.6,0,0,1.2813352,0,0,0,0,0,5,0,0,0,0,0,0,0
169.8,0,0,1.2813352,0,0,0,0,0,5,0,0,0,0,0,0,0
170,0,0,1.2813352,0,0,0,0,0,5,0,0,0,0,0,0,0
170.2,0,0,1.2813352,0,0,0,0,0,5,0,0,0,0,0,0,0
170.4,0,0,1.2813352,0,0,0,0,0,5,0,0,0,0,0,0,0
170.6,0,0,1.2813352,0,0,0,0,0,5,0,0,0,0,0,0,0
170.8,0,0,1.2813352,0,0,0,0,0,5,0,0,0,0,0,0,0
171,0,0,1.2813352,0,0,0,0,0,5,0,0,0,0,0,0,0
171.2,0,0,1.2813352,0,0,0,0,0,5,0,0,0,0,0,0,0
171.4,0,0,1.2813352,0,0,0,0,0,5,0,0,0,0,0,0,0
171.6,0,0,1.2813352,0,0,0,0,0,5,0,0,0,0,0,0,0
171.8,0,0,1.2813352,0,0,0,0,0,5,0,0,0,0,0,0,0
172,0,0,1.2813352,0,0,0,0,0,5,0,0,0,0,0,0,0
172.2,0,0,1.2813352,0,0,0,0,0,5,0,0,0,0,0,0,0
172.4,0,0,1.2813352,0,0,0,0,0,5,0,0,0,0,0,0,0
172.6,0,0,1.2813352,0,0,0,0,0,5,0,0,0,0,0,0,0
172.8,0,0,1.2813352,0,0,0,0,0,5,0,0,0,0,0,0,0
173,0,0,1.2813352,0,0,0,0,0,5,0,0,0,0,0,0,0
173.2,0,0,1.2813352,0,0,0,0,0,5,0,0,0,0,0,0,0
173.4,0,0,1.2813352,0,0,0,0,0,5,0,0,0,0,0,0,0
173.6,0,0,1.2813352,0,0,0,0,0,5,0,0,0,0,0,0,0
173.8,0,0,1.2813352,0,0,0,0,0,5,0,0,0,0,0,0,0
174,0,0,1.2813352,0,0,0,0,0,5,0,0,0,0,0,0,0
174.2,0,0,1.2813352,0,0,0,0,0,5,0,0,0,0,0,0,0
174.4,0,0,1.2813352,0,0,0,0,0,5,0,0,0,0,0,0,0
174.6,0,0,1.2813352,0,0,0,0,0,5,0,0,0,0,0,0,0
174.8,0,0,1.2813352,0,0,0,0,0,5,0,0,0,0,0,0,0
175,0,0,1.2813352,0,0,0,0,0,5,0,0,0,0,0,0,0
175.2,0,0,1.2813352,0,0,0,0,0,5,0,0,0,0,0,0,0
175.4,0,0,1.2813352,0,0,0,0,0,5,0,0,0,0,0,0,0
175.6,0,0,1.2813352,0,0,0,0,0,5,0,0,0,0,0,0,0
175.8,0,0,1.2813352,0,0,0,0,0,5,0,0,0,0,0,0,0
176,0,0,1.2813352,0,0,0,0,0,5,0,0,0,0,0,0,0
176.2,0,0,1.2813352,0,0,0,0,0,5,0,0,0,0,0,0,0
176.4,0,0,1.2813352,0,0,0,0,0,5,0,0,0,0,0,0,0
176.6,0,0,1.2813352,0,0,0,0,0,5,0,0,0,0,0,0,0
176.8,0,0,1.2813352,0,0,0,0,0,5,0,0,0,0,0,0,0
177,0,0,1.2813352,0,0,0,0,0,5,0,0,0,0,0,0,0
177.2,0,0,1.2813352,0,0,0,0,0,5,0,0,0,0,0,0,0
177.4,0,0,1.2813352,0,0,0,0,0,5,0,0,0,0,0,0,0
177.6,0,0,1.2813352,0,0,0,0,0,5,0,0,0,0,0,0,0
177.8,0,0,1.2813352,0,0,0,0,0,5,0,0,0,0,0,0,0
178,0,0,1.2813352,0,0,0,0,0,5,0,0,0,0,0,0,0
178.2,0,0,1.2813352,0,0,0,0,0,5,0,0,0,0,0,0,0
178.4,0,0,1.2813352,0,0,0,0,0,5,0,0,0,0,0,0,0
178.6,0,0,1.2813352,0,0,0,0,0,5,0,0,0,0,0,0,0
178.8,0,0,1.2813352,0,0,0,0,0,5,0,0,0,0,0,0,0
179,0,0,1.2813352,0,0,0,0,0,5,0,0,0,0,0,0,0
179.2,0,0,1.2813352,0,0,0,0,0,5,0,0,0,0,0,0,0
179.4,0,0,1.2813352,0,0,0,0,0,5,0,0,0,0,0,0,0
179.6,0,0,1.2813352,0,0,0,0,0,5,0,0,0,0,0,0,0
179.8,0,0,1.2813352,0,0,0,0,0,5,0,0,0,0,0,0,0
180,0,0,1.2813352,0,0,0,0,0,5,0,0,0,0,0,0,0
180.2,0,0,1.2813352,0,0,0,0,0,5,0,0,0,0,0,0,0
180.4,0,0,1.2813352,0,0,0,0,0,5,0,0,0,0,0,0,0
180.6,0,0,1.2813352,0,0,0,0,0,5,0,0,0,0,0,0,0
180.8,0,0,1.2813352,0,0,0,0,0,5,0,0,0,0,0,0,0
181,0,0,1.2813352,0,0,0,0,0,5,0,0,0,0,0,0,0
181.2,0,0,1.2813352,0,0,0,0,0,5,0,0,0,0,0,0,0
181.4,0,0,1.2813352,0,0,0,0,0,5,0,0,0,0,0,0,0
181.6,0,0,1.2813352,0,0,0,0,0,5,0,0,0,0,0,0,0
181.8,0,0,1.2813352,0,0,0,0,0,5,0,0,0,0,0,0,0
182,0,0,1.2813352,0,0,0,0,0,5,0,0,0,0,0,0,0
182.2,0,0,1.2813352,0,0,0,0,0,5,0,0,0,0,0,0,0
182.4,0,0,1.2813352,0,0,0,0,0,5,0,0,0,0,0,0,0
182.6,0,0,1.2813352,0,0,0,0,0,5,0,0,0,0,0,0,0
182.8,0,0,1.2813352,0,0,0,0,0,5,0,0,0,0,0,0,0
183,0,0,1.2813352,0,0,0,0,0,5,0,0,0,0,0,0,0
183.2,0,0,1.2813352,0,0,0,0,0,5,0,0,0,0,0,0,0
183.4,0,0,1.2813352,0,0,0,0,0,5,0,0,0,0,0,0,0
183.6,0,0,1.2813352,0,0,0,0,0,5,0,0,0,0,0,0,0
183.8,0,0,1.2813352,0,0,0,0,0,5,0,0,0,0,0,0,0
184,0,0,1.2813352,0,0,0,0,0,5,0,0,0,0,0,0,0
184.2,0,0,1.2813352,0,0,0,0,0,5,0,0,0,0,0,0,0
184.4,0,0,1.2813352,0,0,0,0,0,5,0,0,0,0,0,0,0
184.6,0,0,1.2813352,0,0,0,0,0,5,0,0,0,0,0,0,0
184.8,0,0,1.2813352,0,0,0,0,0,5,0,0,0,0,0,0,0
185,0,0,1.2813352,0,0,0,0,0,5,0,0,0,0,0,0,0
185.2,0,0,1.2813352,0,0,0,0,0,5,0,0,0,0,0,0,0
185.4,0,0,1.2813352,0,0,0,0,0,5,0,0,0,0,0,0,0
185.6,0,0,1.2813352,0,0,0,0,0,5,0,0,0,0,0,0,0
185.8,0,0,1.2813352,0,0,0,0,0,5,0,0,0,0,0,0,0
186,0,0,1.2813352,0,0,0,0,0,5,0,0,0,0,0,0,0
186.2,0,0,1.2813352,0,0,0,0,0,5,0,0,0,0,0,0,0
186.4,0,0,1.2813352,0,0,0,0,0,5,0,0,0,0,0,0,0
186.6,0,0,1.2813352,0,0,0,0,0,5,0,0,0,0,0,0,0
186.8,0,0,1.2813352,0,0,0,0,0,5,0,0,0,0,0,0,0
187,0,0,1.2813352,0,0,0,0,0,5,0,0,0,0,0,0,0
187.2,0,0,1.2813352,0,0,0,0,0,5,0,0,0,0,0,0,0
187.4,0,0,1.2813352,0,0,0,0,0,5,0,0,0,0,0,0,0
187.6,0,0,1.2813352,0,0,0,0,0,5,0,0,0,0,0,0,0
187.8,0,0,1.2813352,0,0,0,0,0,5,0,0,0,0,0,0,0
188,0,0,1.2813352,0,0,0,0,0,5,0,0,0,0,0,0,0
188.2,0,0,1.2813352,0,0,0,0,0,5,0,0,0,0,0,0,0
188.4,0,0,1.2813352,0,0,0,0,0,5,0,0,0,0,0,0,0
188.6,0,0,1.2813352,0,0,0,0,0,5,0,0,0,0,0,0,0
188.8,0,0,1.2813352,0,0,0,0,0,5,0,0,0,0,0,0,0
189,0,0,1.2813352,0,0,0,0,0,5,0,0,0,0,0,0,0
189.2,0,0,1.2813352,0,0,0,0,0,5,0,0,0,0,0,0,0
189.4,0,0,1.2813352,0,0,0,0,0,5,0,0,0,0,0,0,0
189.6,0,0,1.2813352,0,0,0,0,0,5,0,0,0,0,0,0,0
189.8,0,0,1.2813352,0,0,0,0,0,5,0,0,0,0,0,0,0
190,0,0,1.2813352,0,0,0,0,0,5,0,0,0,0,0,0,0
190.2,0,0,1.2813352,0,0,0,0,0,5,0,0,0,0,0,0,0
190.4,0,0,1.2813352,0,0,0,0,0,5,0,0,0,0,0,0,0
190.6,0,0,1.2813352,0,0,0,0,0,5,0,0,0,0,0,0,0
190.8,0,0,1.2813352,0,0,0,0,0,5,0,0,0,0,0,0,0
191,0,0,1.2813352,0,0,0,0,0,5,0,0,0,0,0,0,0
191.2,0,0,1.2813352,0,0,0,0,0,5,0,0,0,0,0,0,0
191.4,0,0,1.2813352,0,0,0,0,0,5,0,0,0,0,0,0,0
191.6,0,0,1.2813352,0,0,0,0,0,5,0,0,0,0,0,0,0
191.8,0,0,1.2813352,0,0,0,0,0,5,0,0,0,0,0,0,0
192,0,0,1.2813352,0,0,0,0,0,5,0,0,0,0,0,0,0
192.2,0,0,1.2813352,0,0,0,0,0,5,0,0,0,0,0,0,0
192.4,0,0,1.2813352,0,0,0,0,0,5,0,0,0,0,0,0,0
192.6,0,0,1.2813352,0,0,0,0,0,5,0,0,0,0,0,0,0
192.8,0,0,1.2813352,0,0,0,0,0,5,0,0,0,0,0,0,0
193,0,0,1.2813352,0,0,0,0,0,5,0,0,0,0,0,0,0
193.2,0,0,1.2813352,0,0,0,0,0,5,0,0,0,0,0,0,0
193.4,0,0,1.2813352,0,0,0,0,0,5,0,0,0,0,0,0,0
193.6,0,0,1.2813352,0,0,0,0,0,5,0,0,0,0,0,0,0
193.8,0,0,1.2813352,0,0,0,0,0,5,0,0,0,0,0,0,0
194,0,0,1.2813352,0,0,0,0,0,5,0,0,0,0,0,0,0
194.2,0,0,1.2813352,0,0,0,0,0,5,0,0,0,0,0,0,0
194.4,0,0,1.2813352,0,0,0,0,0,5,0,0,0,0,0,0,0
194.6,0,0,1.2813352,0,0,0,0,0,5,0,0,0,0,0,0,0
194.8,0,0,1.2813352,0,0,0,0,0,5,0,0,0,0,0,0,0
195,0,0,1.2813352,0,0,0,0,0,5,0,0,0,0,0,0,0
195.2,0,0,1.2813352,0,0,0,0,0,5,0,0,0,0,0,0,0
195.4,0,0,1.2813352,0,0,0,0,0,5,0,0,0,0,0,0,0
195.6,0,0,1.2813352,0,0,0,0,0,5,0,0,0,0,0,0,0
195.8,0,0,1.2813352,0,0,0,0,0,5,0,0,0,0,0,0,0
196,0,0,1.2813352,0,0,0,0,0,5,0,0,0,0,0,0,0
196.2,0,0,1.2813352,0,0,0,0,0,5,0,0,0,0,0,0,0
196.4,0,0,1.2813352,0,0,0,0,0,5,0,0,0,0,0,0,0
196.6,0,0,1.2813352,0,0,0,0,0,5,0,0,0,0,0,0,0
196.8,0,0,1.2813352,0,0,0,0,0,5,0,0,0,0,0,0,0
197,0,0,1.2813352,0,0,0,0,0,5,0,0,0,0,0,0,0
197.2,0,0,1.2813352,0,0,0,0,0,5,0,0,0,0,0,0,0
197.4,0,0,1.2813352,0,0,0,0,0,5,0,0,0,0,0,0,0
197.6,0,0,1.2813352,0,0,0,0,0,5,0,0,0,0,0,0,0
197.8,0,0,1.2813352,0,0,0,0,0,5,0,0,0,0,0,0,0
198,0,0,1.2813352,0,0,0,0,0,5,0,0,0,0,0,0,0
198.2,0,0,1.2813352,0,0,0,0,0,5,0,0,0,0,0,0,0
198.4,0,0,1.2813352,0,0,0,0,0,5,0,0,0,0,0,0,0
198.6,0,0,1.2813352,0,0,0,0,0,5,0,0,0,0,0,0,0
198.8,0,0,1.2813352,0,0,0,0,0,5,0,0,0,0,0,0,0
199,0,0,1.2813352,0,0,0,0,0,5,0,0,0,0,0,0,0
199.2,0,0,1.2813352,0,0,0,0,0,5,0,0,0,0,0,0,0
199.4,0,0,1.2813352,0,0,0,0,0,5,0,0,0,0,0,0,0
199.6,0,0,1.2813352,0,0,0,0,0,5,0,0,0,0,0,0,0
199.8,0,0,1.2813352,0,0,0,0,0,5,0,0,0,0,0,0,0
200,0,0,1.2813352,0,0,0,0,0,5,0,0,0,0,0,0,0
200.2,0,0,1.2813352,0,0,0,0,0,5,0,0,0,0,0,0,0
200.4,0,0,1.2813352,0,0,0,0,0,5,0,0,0,0,0,0,0
200.6,0,0,1.2813352,0,0,0,0,0,5,0,0,0,0,0,0,0
200.8,0,0,1.2813352,0,0,0,0,0,5,0,0,0,0,0,0,0
201,0,0,1.2813352,0,0,0,0,0,5,0,0,0,0,0,0,0
201.2,0,0,1.2813352,0,0,0,0,0,5,0,0,0,0,0,0,0
201.4,0,0,1.2813352,0,0,0,0,0,5,0,0,0,0,0,0,0
201.6,0,0,1.2813352,0,0,0,0,0,5,0,0,0,0,0,0,0
201.8,0,0,1.2813352,0,0,0,0,0,5,0,0,0,0,0,0,0
202,0,0,1.2813352,0,0,0,0,0,5,0,0,0,0,0,0,0
202.2,0,0,1.2813352,0,0,0,0,0,5,0,0,0,0,0,0,0
202.4,0,0,1.2813352,0,0,0,0,0,5,0,0,0,0,0,0,0
202.6,0,0,1.2813352,0,0,0,0,0,5,0,0,0,0,0,0,0
202.8,0,0,1.2813352,0,0,0,0,0,5,0,0,0,0,0,0,0
203,0,0,1.2813352,0,0,0,0,0,5,0,0,0,0,0,0,0
203.2,0,0,1.2813352,0,0,0,0,0,5,0,0,0,0,0,0,0
203.4,0,0,1.2813352,0,0,0,0,0,5,0,0,0,0,0,0,0
203.6,0,0,1.2813352,0,0,0,0,0,5,0,0,0,0,0,0,0
203.8,0,0,1.2813352,0,0,0,0,0,5,0,0,0,0,0,0,0
204,0,0,1.2813352,0,0,0,0,0,5,0,0,0,0,0,0,0
204.2,0,0,1.2813352,0,0,0,0,0,5,0,0,0,0,0,0,0
204.4,0,0,1.2813352,0,0,0,0,0,5,0,0,0,0,0,0,0
204.6,0,0,1.2813352,0,0,0,0,0,5,0,0,0,0,0,0,0
204.8,0,0,1.2813352,0,0,0,0,0,5,0,0,0,0,0,0,0
205,0,0,1.2813352,0,0,0,0,0,5,0,0,0,0,0,0,0
205.2,0,0,1.2813352,0,0,0,0,0,5,0,0,0,0,0,0,0
205.4,0,0,1.2813352,0,0,0,0,0,5,0,0,0,0,0,0,0
205.6,0,0,1.2813352,0,0,0,0,0,5,0,0,0,0,0,0,0
205.8,0,0,1.2813352,0,0,0,0,0,5,0,0,0,0,0,0,0
206,0,0,1.2813352,0,0,0,0,0,5,0,0,0,0,0,0,0
206.2,0,0,1.2813352,0,0,0,0,0,5,0,0,0,0,0,0,0
206.4,0,0,1.2813352,0,0,0,0,0,5,0,0,0,0,0,0,0
206.6,0,0,1.2813352,0,0,0,0,0,5,0,0,0,0,0,0,0
206.8,0,0,1.2813352,0,0,0,0,0,5,0,0,0,0,0,0,0
207,0,0,1.2813352,0,0,0,0,0,5,0,0,0,0,0,0,0
207.2,0,0,1.2813352,0,0,0,0,0,5,0,0,0,0,0,0,0
207.4,0,0,1.2813352,0,0,0,0,0,5,0,0,0,0,0,0,0
207.6,0,0,1.2813352,0,0,0,0,0,5,0,0,0,0,0,0,0
207.8,0,0,1.2813352,0,0,0,0,0,5,0,0,0,0,0,0,0
208,0,0,1.2813352,0,0,0,0,0,5,0,0,0,0,0,0,0
208.2,0,0,1.2813352,0,0,0,0,0,5,0,0,0,0,0,0,0
208.4,0,0,1.2813352,0,0,0,0,0,5,0,0,0,0,0,0,0
208.6,0,0,1.2813352,0,0,0,0,0,5,0,0,0,0,0,0,0
208.8,0,0,1.2813352,0,0,0,0,0,5,0,0,0,0,0,0,0
209,0,0,1.2813352,0,0,0,0,0,5,0,0,0,0,0,0,0
209.2,0,0,1.2813352,0,0,0,0,0,5,0,0,0,0,0,0,0
209.4,0,0,1.2813352,0,0,0,0,0,5,0,0,0,0,0,0,0
209.6,0,0,1.2813352,0,0,0,0,0,5,0,0,0,0,0,0,0
209.8,0,0,1.2813352,0,0,0,0,0,5,0,0,0,0,0,0,0
210,0,0,1.2813352,0,0,0,0,0,5,0,0,0,0,0,0,0
210.2,0,0,1.2813352,0,0,0,0,0,5,0,0,0,0,0,0,0
210.4,0,0,1.2813352,0,0,0,0,0,5,0,0,0,0,0,0,0
210.6,0,0,1.2813352,0,0,0,0,0,5,0,0,0,0,0,0,0
210.8,0,0,1.2813352,0,0,0,0,0,5,0,0,0,0,0,0,0
211,0,0,1.2813352,0,0,0,0,0,5,0,0,0,0,0,0,0
211.2,0,0,1.2813352,0,0,0,0,0,5,0,0,0,0,0,0,0
211.4,0,0,1.2813352,0,0,0,0,0,5,0,0,0,0,0,0,0
211.6,0,0,1.2813352,0,0,0,0,0,5,0,0,0,0,0,0,0
211.8,0,0,1.2813352,0,0,0,0,0,5,0,0,0,0,0,0,0
212,0,0,1.2813352,0,0,0,0,0,5,0,0,0,0,0,0,0
212.2,0,0,1.2813352,0,0,0,0,0,5,0,0,0,0,0,0,0
212.4,0,0,1.2813352,0,0,0,0,0,5,0,0,0,0,0,0,0
212.6,0,0,1.2813352,0,0,0,0,0,5,0,0,0,0,0,0,0
212.8,0,0,1.2813352,0,0,0,0,0,5,0,0,0,0,0,0,0
213,0,0,1.2813352,0,0,0,0,0,5,0,0,0,0,0,0,0
213.2,0,0,1.2813352,0,0,0,0,0,5,0,0,0,0,0,0,0
213.4,0,0,1.2813352,0,0,0,0,0,5,0,0,0,0,0,0,0
213.6,0,0,1.2813352,0,0,0,0,0,5,0,0,0,0,0,0,0
213.8,0,0,1.2813352,0,0,0,0,0,5,0,0,0,0,0,0,0
214,0,0,1.2813352,0,0,0,0,0,5,0,0,0,0,0,0,0
214.2,0,0,1.2813352,0,0,0,0,0,5,0,0,0,0,0,0,0
214.4,0,0,1.2813352,0,0,0,0,0,5,0,0,0,0,0,0,0
214.6,0,0,1.2813352,0,0,0,0,0,5,0,0,0,0,0,0,0
214.8,0,0,1.2813352,0,0,0,0,0,5,0,0,0,0,0,0,0
215,0,0,1.2813352,0,0,0,0,0,5,0,0,0,0,0,0,0
215.2,0,0,1.2813352,0,0,0,0,0,5,0,0,0,0,0,0,0
215.4,0,0,1.2813352,0,0,0,0,0,5,0,0,0,0,0,0,0
215.6,0,0,1.2813352,0,0,0,0,0,5,0,0,0,0,0,0,0
215.8,0,0,1.2813352,0,0,0,0,0,5,0,0,0,0,0,0,0
216,0,0,1.2813352,0,0,0,0,0,5,0,0,0,0,0,0,0
216.2,0,0,1.2813352,0,0,0,0,0,5,0,0,0,0,0,0,0
216.4,0,0,1.2813352,0,0,0,0,0,5,0,0,0,0,0,0,0
216.6,0,0,1.2813352,0,0,0,0,0,5,0,0,0,0,0,0,0
216.8,0,0,1.2813352,0,0,0,0,0,5,0,0,0,0,0,0,0
217,0,0,1.2813352,0,0,0,0,0,5,0,0,0,0,0,0,0
217.2,0,0,1.2813352,0,0,0,0,0,5,0,0,0,0,0,0,0
217.4,0,0,1.2813352,0,0,0,0,0,5,0,0,0,0,0,0,0
217.6,0,0,1.2813352,0,0,0,0,0,5,0,0,0,0,0,0,0
217.8,0,0,1.2813352,0,0,0,0,0,5,0,0,0,0,0,0,0
218,0,0,1.2813352,0,0,0,0,0,5,0,0,0,0,0,0,0
218.2,0,0,1.2813352,0,0,0,0,0,5,0,0,0,0,0,0,0
218.4,0,0,1.2813352,0,0,0,0,0,5,0,0,0,0,0,0,0
218.6,0,0,1.2813352,0,0,0,0,0,5,0,0,0,0,0,0,0
218.8,0,0,1.2813352,0,0,0,0,0,5,0,0,0,0,0,0,0
219,0,0,1.2813352,0,0,0,0,0,5,0,0,0,0,0,0,0
219.2,0,0,1.2813352,0,0,0,0,0,5,0,0,0,0,0,0,0
219.4,0,0,1.2813352,0,0,0,0,0,5,0,0,0,0,0,0,0
219.6,0,0,1.2813352,0,0,0,0,0,5,0,0,0,0,0,0,0
219.8,0,0,1.2813352,0,0,0,0,0,5,0,0,0,0,0,0,0
220,0,0,1.2813352,0,0,0,0,0,5,0,0,0,0,0,0,0
220.2,0,0,1.2813352,0,0,0,0,0,5,0,0,0,0,0,0,0
220.4,0,0,1.2813352,0,0,0,0,0,5,0,0,0,0,0,0,0
220.6,0,0,1.2813352,0,0,0,0,0,5,0,0,0,0,0,0,0
220.8,0,0,1.2813352,0,0,0,0,0,5,0,0,0,0,0,0,0
221,0,0,1.2813352,0,0,0,0,0,5,0,0,0,0,0,0,0
221.2,0,0,1.2813352,0,0,0,0,0,5,0,0,0,0,0,0,0
221.4,0,0,1.2813352,0,0,0,0,0,5,0,0,0,0,0,0,0
221.6,0,0,1.2813352,0,0,0,0,0,5,0,0,0,0,0,0,0
221.8,0,0,1.2813352,0,0,0,0,0,5,0,0,0,0,0,0,0
222,0,0,1.2813352,0,0,0,0,0,5,0,0,0,0,0,0,0
222.2,0,0,1.2813352,0,0,0,0,0,5,0,0,0,0,0,0,0
222.4,0,0,1.2813352,0,0,0,0,0,5,0,0,0,0,0,0,0
222.6,0,0,1.2813352,0,0,0,0,0,5,0,0,0,0,0,0,0
222.8,0,0,1.2813352,0,0,0,0,0,5,0,0,0,0,0,0,0
223,0,0,1.2813352,0,0,0,0,0,5,0,0,0,0,0,0,0
223.2,0,0,1.2813352,0,0,0,0,0,5,0,0,0,0,0,0,0
223.4,0,0,1.2813352,0,0,0,0,0,5,0,0,0,0,0,0,0
223.6,0,0,1.2813352,0,0,0,0,0,5,0,0,0,0,0,0,0
223.8,0,0,1.2813352,0,0,0,0,0,5,0,0,0,0,0,0,0
224,0,0,1.2813352,0,0,0,0,0,5,0,0,0,0,0,0,0
224.2,0,0,1.2813352,0,0,0,0,0,5,0,0,0,0,0,0,0
224.4,0,0,1.2813352,0,0,0,0,0,5,0,0,0,0,0,0,0
224.6,0,0,1.2813352,0,0,0,0,0,5,0,0,0,0,0,0,0
224.8,0,0,1.2813352,0,0,0,0,0,5,0,0,0,0,0,0,0
225,0,0,1.2813352,0,0,0,0,0,5,0,0,0,0,0,0,0
225.2,0,0,1.2813352,0,0,0,0,0,5,0,0,0,0,0,0,0
225.4,0,0,1.2813352,0,0,0,0,0,5,0,0,0,0,0,0,0
225.6,0,0,1.2813352,0,0,0,0,0,5,0,0,0,0,0,0,0
225.8,0,0,1.2813352,0,0,0,0,0,5,0,0,0,0,0,0,0
226,0,0,1.2813352,0,0,0,0,0,5,0,0,0,0,0,0,0
226.2,0,0,1.2813352,0,0,0,0,0,5,0,0,0,0,0,0,0
226.4,0,0,1.2813352,0,0,0,0,0,5,0,0,0,0,0,0,0
226.6,0,0,1.2813352,0,0,0,0,0,5,0,0,0,0,0,0,0
226.8,0,0,1.2813352,0,0,0,0,0,5,0,0,0,0,0,0,0
227,0,0,1.2813352,0,0,0,0,0,5,0,0,0,0,0,0,0
227.2,0,0,1.2813352,0,0,0,0,0,5,0,0,0,0,0,0,0
227.4,0,0,1.2813352,0,0,0,0,0,5,0,0,0,0,0,0,0
227.6,0,0,1.2813352,0,0,0,0,0,5,0,0,0,0,0,0,0
227.8,0,0,1.2813352,0,0,0,0,0,5,0,0,0,0,0,0,0
228,0,0,1.2813352,0,0,0,0,0,5,0,0,0,0,0,0,0
228.2,0,0,1.2813352,0,0,0,0,0,5,0,0,0,0,0,0,0
228.4,0,0,1.2813352,0,0,0,0,0,5,0,0,0,0,0,0,0
228.6,0,0,1.2813352,0,0,0,0,0,5,0,0,0,0,0,0,0
228.8,0,0,1.2813352,0,0,0,0,0,5,0,0,0,0,0,0,0
229,0,0,1.2813352,0,0,0,0,0,5,0,0,0,0,0,0,0
229.2,0,0,1.2813352,0,0,0,0,0,5,0,0,0,0,0,0,0
229.4,0,0,1.2813352,0,0,0,0,0,5,0,0,0,0,0,0,0
229.6,0,0,1.2813352,0,0,0,0,0,5,0,0,0,0,0,0,0
229.8,0,0,1.2813352,0,0,0,0,0,5,0,0,0,0,0,0,0
230,0,0,1.2813352,0,0,0,0,0,5,0,0,0,0,0,0,0
230.2,0,0,1.2813352,0,0,0,0,0,5,0,0,0,0,0,0,0
230.4,0,0,1.2813352,0,0,0,0,0,5,0,0,0,0,0,0,0
230.6,0,0,1.2813352,0,0,0,0,0,5,0,0,0,0,0,0,0
230.8,0,0,1.2813352,0,0,0,0,0,5,0,0,0,0,0,0,0
231,0,0,1.2813352,0,0,0,0,0,5,0,0,0,0,0,0,0
231.2,0,0,1.2813352,0,0,0,0,0,5,0,0,0,0,0,0,0
231.4,0,0,1.2813352,0,0,0,0,0,5,0,0,0,0,0,0,0
231.6,0,0,1.2813352,0,0,0,0,0,5,0,0,0,0,0,0,0
231.8,0,0,1.2813352,0,0,0,0,0,5,0,0,0,0,0,0,0
232,0,0,1.2813352,0,0,0,0,0,5,0,0,0,0,0,0,0
232.2,0,0,1.2813352,0,0,0,0,0,5,0,0,0,0,0,0,0
232.4,0,0,1.2813352,0,0,0,0,0,5,0,0,0,0,0,0,0
232.6,0,0,1.2813352,0,0,0,0,0,5,0,0,0,0,0,0,0
232.8,0,0,1.2813352,0,0,0,0,0,5,0,0,0,0,0,0,0
233,0,0,1.2813352,0,0,0,0,0,5,0,0,0,0,0,0,0
233.2,0,0,1.2813352,0,0,0,0,0,5,0,0,0,0,0,0,0
233.4,0,0,1.2813352,0,0,0,0,0,5,0,0,0,0,0,0,0
233.6,0,0,1.2813352,0,0,0,0,0,5,0,0,0,0,0,0,0
233.8,0,0,1.2813352,0,0,0,0,0,5,0,0,0,0,0,0,0
234,0,0,1.2813352,0,0,0,0,0,5,0,0,0,0,0,0,0
234.2,0,0,1.2813352,0,0,0,0,0,5,0,0,0,0,0,0,0
234.4,0,0,1.2813352,0,0,0,0,0,5,0,0,0,0,0,0,0
234.6,0,0,1.2813352,0,0,0,0,0,5,0,0,0,0,0,0,0
234.8,0,0,1.2813352,0,0,0,0,0,5,0,0,0,0,0,0,0
235,0,0,1.2813352,0,0,0,0,0,5,0,0,0,0,0,0,0
235.2,0,0,1.2813352,0,0,0,0,0,5,0,0,0,0,0,0,0
235.4,0,0,1.2813352,0,0,0,0,0,5,0,0,0,0,0,0,0
235.6,0,0,1.2813352,0,0,0,0,0,5,0,0,0,0,0,0,0
235.8,0,0,1.2813352,0,0,0,0,0,5,0,0,0,0,0,0,0
236,0,0,1.2813352,0,0,0,0,0,5,0,0,0,0,0,0,0
236.2,0,0,1.2813352,0,0,0,0,0,5,0,0,0,0,0,0,0
236.4,0,0,1.2813352,0,0,0,0,0,5,0,0,0,0,0,0,0
236.6,0,0,1.2813352,0,0,0,0,0,5,0,0,0,0,0,0,0
236.8,0,0,1.2813352,0,0,0,0,0,5,0,0,0,0,0,0,0
237,0,0,1.2813352,0,0,0,0,0,5,0,0,0,0,0,0,0
237.2,0,0,1.2813352,0,0,0,0,0,5,0,0,0,0,0,0,0
237.4,0,0,1.2813352,0,0,0,0,0,5,0,0,0,0,0,0,0
237.6,0,0,1.2813352,0,0,0,0,0,5,0,0,0,0,0,0,0
237.8,0,0,1.2813352,0,0,0,0,0,5,0,0,0,0,0,0,0
238,0,0,1.2813352,0,0,0,0,0,5,0,0,0,0,0,0,0
238.2,0,0,1.2813352,0,0,0,0,0,5,0,0,0,0,0,0,0
238.4,0,0,1.2813352,0,0,0,0,0,5,0,0,0,0,0,0,0
238.6,0,0,1.2813352,0,0,0,0,0,5,0,0,0,0,0,0,0
238.8,0,0,1.2813352,0,0,0,0,0,5,0,0,0,0,0,0,0
239,0,0,1.2813352,0,0,0,0,0,5,0,0,0,0,0,0,0
239.2,0,0,1.2813352,0,0,0,0,0,5,0,0,0,0,0,0,0
239.4,0,0,1.2813352,0,0,0,0,0,5,0,0,0,0,0,0,0
239.6,0,0,1.2813352,0,0,0,0,0,5,0,0,0,0,0,0,0
239.8,0,0,1.2813352,0,0,0,0,0,5,0,0,0,0,0,0,0
240,0,0,1.2813352,0,0,0,0,0,5,0,0,0,0,0,0,0
240.2,0,0,1.2813352,0,0,0,0,0,5,0,0,0,0,0,0,0
240.4,0,0,1.2813352,0,0,0,0,0,5,0,0,0,0,0,0,0
240.6,0,0,1.2813352,0,0,0,0,0,5,0,0,0,0,0,0,0
240.8,0,0,1.2813352,0,0,0,0,0,5,0,0,0,0,0,0,0
241,0,0,1.2813352,0,0,0,0,0,5,0,0,0,0,0,0,0
241.2,0,0,1.2813352,0,0,0,0,0,5,0,0,0,0,0,0,0
241.4,0,0,1.2813352,0,0,0,0,0,5,0,0,0,0,0,0,0
241.6,0,0,1.2813352,0,0,0,0,0,5,0,0,0,0,0,0,0
241.8,0,0,1.2813352,0,0,0,0,0,5,0,0,0,0,0,0,0
242,0,0,1.2813352,0,0,0,0,0,5,0,0,0,0,0,0,0
242.2,0,0,1.2813352,0,0,0,0,0,5,0,0,0,0,0,0,0
242.4,0,0,1.2813352,0,0,0,0,0,5,0,0,0,0,0,0,0
242.6,0,0,1.2813352,0,0,0,0,0,5,0,0,0,0,0,0,0
242.8,0,0,1.2813352,0,0,0,0,0,5,0,0,0,0,0,0,0
243,0,0,1.2813352,0,0,0,0,0,5,0,0,0,0,0,0,0
243.2,0,0,1.2813352,0,0,0,0,0,5,0,0,0,0,0,0,0
243.4,0,0,1.2813352,0,0,0,0,0,5,0,0,0,0,0,0,0
243.6,0,0,1.2813352,0,0,0,0,0,5,0,0,0,0,0,0,0
243.8,0,0,1.2813352,0,0,0,0,0,5,0,0,0,0,0,0,0
244,0,0,1.2813352,0,0,0,0,0,5,0,0,0,0,0,0,0
244.2,0,0,1.2813352,0,0,0,0,0,5,0,0,0,0,0,0,0
244.4,0,0,1.2813352,0,0,0,0,0,5,0,0,0,0,0,0,0
244.6,0,0,1.2813352,0,0,0,0,0,5,0,0,0,0,0,0,0
244.8,0,0,1.2813352,0,0,0,0,0,5,0,0,0,0,0,0,0
245,0,0,1.2813352,0,0,0,0,0,5,0,0,0,0,0,0,0
245.2,0,0,1.2813352,0,0,0,0,0,5,0,0,0,0,0,0,0
245.4,0,0,1.2813352,0,0,0,0,0,5,0,0,0,0,0,0,0
245.6,0,0,1.2813352,0,0,0,0,0,5,0,0,0,0,0,0,0
245.8,0,0,1.2813352,0,0,0,0,0,5,0,0,0,0,0,0,0
246,0,0,1.2813352,0,0,0,0,0,5,0,0,0,0,0,0,0
246.2,0,0,1.2813352,0,0,0,0,0,5,0,0,0,0,0,0,0
246.4,0,0,1.2813352,0,0,0,0,0,5,0,0,0,0,0,0,0
246.6,0,0,1.2813352,0,0,0,0,0,5,0,0,0,0,0,0,0
246.8,0,0,1.2813352,0,0,0,0,0,5,0,0,0,0,0,0,0
247,0,0,1.2813352,0,0,0,0,0,5,0,0,0,0,0,0,0
247.2,0,0,1.2813352,0,0,0,0,0,5,0,0,0,0,0,0,0
247.4,0,0,1.2813352,0,0,0,0,0,5,0,0,0,0,0,0,0
247.6,0,0,1.2813352,0,0,0,0,0,5,0,0,0,0,0,0,0
247.8,0,0,1.2813352,0,0,0,0,0,5,0,0,0,0,0,0,0
248,0,0,1.2813352,0,0,0,0,0,5,0,0,0,0,0,0,0
248.2,0,0,1.2813352,0,0,0,0,0,5,0,0,0,0,0,0,0
248.4,0,0,1.2813352,0,0,0,0,0,5,0,0,0,0,0,0,0
248.6,0,0,1.2813352,0,0,0,0,0,5,0,0,0,0,0,0,0
248.8,0,0,1.2813352,0,0,0,0,0,5,0,0,0,0,0,0,0
249,0,0,1.2813352,0,0,0,0,0,5,0,0,0,0,0,0,0
249.2,0,0,1.2813352,0,0,0,0,0,5,0,0,0,0,0,0,0
249.4,0,0,1.2813352,0,0,0,0,0,5,0,0,0,0,0,0,0
249.6,0,0,1.2813352,0,0,0,0,0,5,0,0,0,0,0,0,0
249.8,0,0,1.2813352,0,0,0,0,0,5,0,0,0,0,0,0,0
250,0,0,1.2813352,0,0,0,0,0,5,0,0,0,0,0,0,0
250.2,0,0,1.2813352,0,0,0,0,0,5,0,0,0,0,0,0,0
250.4,0,0,1.2813352,0,0,0,0,0,5,0,0,0,0,0,0,0
250.6,0,0,1.2813352,0,0,0,0,0,5,0,0,0,0,0,0,0
250.8,0,0,1.2813352,0,0,0,0,0,5,0,0,0,0,0,0,0
251,0,0,1.2813352,0,0,0,0,0,5,0,0,0,0,0,0,0
251.2,0,0,1.2813352,0,0,0,0,0,5,0,0,0,0,0,0,0
251.4,0,0,1.2813352,0,0,0,0,0,5,0,0,0,0,0,0,0
251.6,0,0,1.2813352,0,0,0,0,0,5,0,0,0,0,0,0,0
251.8,0,0,1.2813352,0,0,0,0,0,5,0,0,0,0,0,0,0
252,0,0,1.2813352,0,0,0,0,0,5,0,0,0,0,0,0,0
252.2,0,0,1.2813352,0,0,0,0,0,5,0,0,0,0,0,0,0
252.4,0,0,1.2813352,0,0,0,0,0,5,0,0,0,0,0,0,0
252.6,0,0,1.2813352,0,0,0,0,0,5,0,0,0,0,0,0,0
252.8,0,0,1.2813352,0,0,0,0,0,5,0,0,0,0,0,0,0
253,0,0,1.2813352,0,0,0,0,0,5,0,0,0,0,0,0,0
253.2,0,0,1.2813352,0,0,0,0,0,5,0,0,0,0,0,0,0
253.4,0,0,1.2813352,0,0,0,0,0,5,0,0,0,0,0,0,0
253.6,0,0,1.2813352,0,0,0,0,0,5,0,0,0,0,0,0,0
253.8,0,0,1.2813352,0,0,0,0,0,5,0,0,0,0,0,0,0
254,0,0,1.2813352,0,0,0,0,0,5,0,0,0,0,0,0,0
254.2,0,0,1.2813352,0,0,0,0,0,5,0,0,0,0,0,0,0
254.4,0,0,1.2813352,0,0,0,0,0,5,0,0,0,0,0,0,0
254.6,0,0,1.2813352,0,0,0,0,0,5,0,0,0,0,0,0,0
254.8,0,0,1.2813352,0,0,0,0,0,5,0,0,0,0,0,0,0
255,0,0,1.2813352,0,0,0,0,0,5,0,0,0,0,0,0,0
255.2,0,0,1.2813352,0,0,0,0,0,5,0,0,0,0,0,0,0
255.4,0,0,1.2813352,0,0,0,0,0,5,0,0,0,0,0,0,0
255.6,0,0,1.2813352,0,0,0,0,0,5,0,0,0,0,0,0,0
255.8,0,0,1.2813352,0,0,0,0,0,5,0,0,0,0,0,0,0
256,0,0,1.2813352,0,0,0,0,0,5,0,0,0,0,0,0,0
256.2,0,0,1.2813352,0,0,0,0,0,5,0,0,0,0,0,0,0
256.4,0,0,1.2813352,0,0,0,0,0,5,0,0,0,0,0,0,0
256.6,0,0,1.2813352,0,0,0,0,0,5,0,0,0,0,0,0,0
256.8,0,0,1.2813352,0,0,0,0,0,5,0,0,0,0,0,0,0
257,0,0,1.2813352,0,0,0,0,0,5,0,0,0,0,0,0,0
257.2,0,0,1.2813352,0,0,0,0,0,5,0,0,0,0,0,0,0
257.4,0,0,1.2813352,0,0,0,0,0,5,0,0,0,0,0,0,0
257.6,0,0,1.2813352,0,0,0,0,0,5,0,0,0,0,0,0,0
257.8,0,0,1.2813352,0,0,0,0,0,5,0,0,0,0,0,0,0
258,0,0,1.2813352,0,0,0,0,0,5,0,0,0,0,0,0,0
258.2,0,0,1.2813352,0,0,0,0,0,5,0,0,0,0,0,0,0
258.4,0,0,1.2813352,0,0,0,0,0,5,0,0,0,0,0,0,0
258.6,0,0,1.2813352,0,0,0,0,0,5,0,0,0,0,0,0,0
258.8,0,0,1.2813352,0,0,0,0,0,5,0,0,0,0,0,0,0
259,0,0,1.2813352,0,0,0,0,0,5,0,0,0,0,0,0,0
259.2,0,0,1.2813352,0,0,0,0,0,5,0,0,0,0,0,0,0
259.4,0,0,1.2813352,0,0,0,0,0,5,0,0,0,0,0,0,0
259.6,0,0,1.2813352,0,0,0,0,0,5,0,0,0,0,0,0,0
259.8,0,0,1.2813352,0,0,0,0,0,5,0,0,0,0,0,0,0
260,0,0,1.2813352,0,0,0,0,0,5,0,0,0,0,0,0,0
260.2,0,0,1.2813352,0,0,0,0,0,5,0,0,0,0,0,0,0
260.4,0,0,1.2813352,0,0,0,0,0,5,0,0,0,0,0,0,0
260.6,0,0,1.2813352,0,0,0,0,0,5,0,0,0,0,0,0,0
260.8,0,0,1.2813352,0,0,0,0,0,5,0,0,0,0,0,0,0
261,0,0,1.2813352,0,0,0,0,0,5,0,0,0,0,0,0,0
261.2,0,0,1.2813352,0,0,0,0,0,5,0,0,0,0,0,0,0
261.4,0,0,1.2813352,0,0,0,0,0,5,0,0,0,0,0,0,0
261.6,0,0,1.2813352,0,0,0,0,0,5,0,0,0,0,0,0,0
261.8,0,0,1.2813352,0,0,0,0,0,5,0,0,0,0,0,0,0
262,0,0,1.2813352,0,0,0,0,0,5,0,0,0,0,0,0,0
262.2,0,0,1.2813352,0,0,0,0,0,5,0,0,0,0,0,0,0
262.4,0,0,1.2813352,0,0,0,0,0,5,0,0,0,0,0,0,0
262.6,0,0,1.2813352,0,0,0,0,0,5,0,0,0,0,0,0,0
262.8,0,0,1.2813352,0,0,0,0,0,5,0,0,0,0,0,0,0
263,0,0,1.2813352,0,0,0,0,0,5,0,0,0,0,0,0,0
263.2,0,0,1.2813352,0,0,0,0,0,5,0,0,0,0,0,0,0
263.4,0,0,1.2813352,0,0,0,0,0,5,0,0,0,0,0,0,0
263.6,0,0,1.2813352,0,0,0,0,0,5,0,0,0,0,0,0,0
263.8,0,0,1.2813352,0,0,0,0,0,5,0,0,0,0,0,0,0
264,0,0,1.2813352,0,0,0,0,0,5,0,0,0,0,0,0,0
264.2,0,0,1.2813352,0,0,0,0,0,5,0,0,0,0,0,0,0
264.4,0,0,1.2813352,0,0,0,0,0,5,0,0,0,0,0,0,0
264.6,0,0,1.2813352,0,0,0,0,0,5,0,0,0,0,0,0,0
264.8,0,0,1.2813352,0,0,0,0,0,5,0,0,0,0,0,0,0
265,0,0,1.2813352,0,0,0,0,0,5,0,0,0,0,0,0,0
265.2,0,0,1.2813352,0,0,0,0,0,5,0,0,0,0,0,0,0
265.4,0,0,1.2813352,0,0,0,0,0,5,0,0,0,0,0,0,0
265.6,0,0,1.2813352,0,0,0,0,0,5,0,0,0,0,0,0,0
265.8,0,0,1.2813352,0,0,0,0,0,5,0,0,0,0,0,0,0
266,0,0,1.2813352,0,0,0,0,0,5,0,0,0,0,0,0,0
266.2,0,0,1.2813352,0,0,0,0,0,5,0,0,0,0,0,0,0
266.4,0,0,1.2813352,0,0,0,0,0,5,0,0,0,0,0,0,0
266.6,0,0,1.2813352,0,0,0,0,0,5,0,0,0,0,0,0,0
266.8,0,0,1.2813352,0,0,0,0,0,5,0,0,0,0,0,0,0
267,0,0,1.2813352,0,0,0,0,0,5,0,0,0,0,0,0,0
267.2,0,0,1.2813352,0,0,0,0,0,5,0,0,0,0,0,0,0
267.4,0,0,1.2813352,0,0,0,0,0,5,0,0,0,0,0,0,0
267.6,0,0,1.2813352,0,0,0,0,0,5,0,0,0,0,0,0,0
267.8,0,0,1.2813352,0,0,0,0,0,5,0,0,0,0,0,0,0
268,0,0,1.2813352,0,0,0,0,0,5,0,0,0,0,0,0,0
268.2,0,0,1.2813352,0,0,0,0,0,5,0,0,0,0,0,0,0
268.4,0,0,1.2813352,0,0,0,0,0,5,0,0,0,0,0,0,0
268.6,0,0,1.2813352,0,0,0,0,0,5,0,0,0,0,0,0,0
268.8,0,0,1.2813352,0,0,0,0,0,5,0,0,0,0,0,0,0
269,0,0,1.2813352,0,0,0,0,0,5,0,0,0,0,0,0,0
269.2,0,0,1.2813352,0,0,0,0,0,5,0,0,0,0,0,0,0
269.4,0,0,1.2813352,0,0,0,0,0,5,0,0,0,0,0,0,0
269.6,0,0,1.2813352,0,0,0,0,0,5,0,0,0,0,0,0,0
269.8,0,0,1.2813352,0,0,0,0,0,5,0,0,0,0,0,0,0
270,0,0,1.2813352,0,0,0,0,0,5,0,0,0,0,0,0,0
270.2,0,0,1.2813352,0,0,0,0,0,5,0,0,0,0,0,0,0
270.4,0,0,1.2813352,0,0,0,0,0,5,0,0,0,0,0,0,0
270.6,0,0,1.2813352,0,0,0,0,0,5,0,0,0,0,0,0,0
270.8,0,0,1.2813352,0,0,0,0,0,5,0,0,0,0,0,0,0
271,0,0,1.2813352,0,0,0,0,0,5,0,0,0,0,0,0,0
271.2,0,0,1.2813352,0,0,0,0,0,5,0,0,0,0,0,0,0
271.4,0,0,1.2813352,0,0,0,0,0,5,0,0,0,0,0,0,0
271.6,0,0,1.2813352,0,0,0,0,0,5,0,0,0,0,0,0,0
271.8,0,0,1.2813352,0,0,0,0,0,5,0,0,0,0,0,0,0
272,0,0,1.2813352,0,0,0,0,0,5,0,0,0,0,0,0,0
272.2,0,0,1.2813352,0,0,0,0,0,5,0,0,0,0,0,0,0
272.4,0,0,1.2813352,0,0,0,0,0,5,0,0,0,0,0,0,0
272.6,0,0,1.2813352,0,0,0,0,0,5,0,0,0,0,0,0,0
272.8,0,0,1.2813352,0,0,0,0,0,5,0,0,0,0,0,0,0
273,0,0,1.2813352,0,0,0,0,0,5,0,0,0,0,0,0,0
273.2,0,0,1.2813352,0,0,0,0,0,5,0,0,0,0,0,0,0
273.4,0,0,1.2813352,0,0,0,0,0,5,0,0,0,0,0,0,0
273.6,0,0,1.2813352,0,0,0,0,0,5,0,0,0,0,0,0,0
273.8,0,0,1.2813352,0,0,0,0,0,5,0,0,0,0,0,0,0
274,0,0,1.2813352,0,0,0,0,0,5,0,0,0,0,0,0,0
274.2,0,0,1.2813352,0,0,0,0,0,5,0,0,0,0,0,0,0
274.4,0,0,1.2813352,0,0,0,0,0,5,0,0,0,0,0,0,0
274.6,0,0,1.2813352,0,0,0,0,0,5,0,0,0,0,0,0,0
274.8,0,0,1.2813352,0,0,0,0,0,5,0,0,0,0,0,0,0
275,0,0,1.2813352,0,0,0,0,0,5,0,0,0,0,0,0,0
275.2,0,0,1.2813352,0,0,0,0,0,5,0,0,0,0,0,0,0
275.4,0,0,1.2813352,0,0,0,0,0,5,0,0,0,0,0,0,0
275.6,0,0,1.2813352,0,0,0,0,0,5,0,0,0,0,0,0,0
275.8,0,0,1.2813352,0,0,0,0,0,5,0,0,0,0,0,0,0
276,0,0,1.2813352,0,0,0,0,0,5,0,0,0,0,0,0,0
276.2,0,0,1.2813352,0,0,0,0,0,5,0,0,0,0,0,0,0
276.4,0,0,1.2813352,0,0,0,0,0,5,0,0,0,0,0,0,0
276.6,0,0,1.2813352,0,0,0,0,0,5,0,0,0,0,0,0,0
276.8,0,0,1.2813352,0,0,0,0,0,5,0,0,0,0,0,0,0
277,0,0,1.2813352,0,0,0,0,0,5,0,0,0,0,0,0,0
277.2,0,0,1.2813352,0,0,0,0,0,5,0,0,0,0,0,0,0
277.4,0,0,1.2813352,0,0,0,0,0,5,0,0,0,0,0,0,0
277.6,0,0,1.2813352,0,0,0,0,0,5,0,0,0,0,0,0,0
277.8,0,0,1.2813352,0,0,0,0,0,5,0,0,0,0,0,0,0
278,0,0,1.2813352,0,0,0,0,0,5,0,0,0,0,0,0,0
278.2,0,0,1.2813352,0,0,0,0,0,5,0,0,0,0,0,0,0
278.4,0,0,1.2813352,0,0,0,0,0,5,0,0,0,0,0,0,0
278.6,0,0,1.2813352,0,0,0,0,0,5,0,0,0,0,0,0,0
278.8,0,0,1.2813352,0,0,0,0,0,5,0,0,0,0,0,0,0
279,0,0,1.2813352,0,0,0,0,0,5,0,0,0,0,0,0,0
279.2,0,0,1.2813352,0,0,0,0,0,5,0,0,0,0,0,0,0
279.4,0,0,1.2813352,0,0,0,0,0,5,0,0,0,0,0,0,0
279.6,0,0,1.2813352,0,0,0,0,0,5,0,0,0,0,0,0,0
279.8,0,0,1.2813352,0,0,0,0,0,5,0,0,0,0,0,0,0
280,0,0,1.2813352,0,0,0,0,0,5,0,0,0,0,0,0,0
280.2,0,0,1.2813352,0,0,0,0,0,5,0,0,0,0,0,0,0
280.4,0,0,1.2813352,0,0,0,0,0,5,0,0,0,0,0,0,0
280.6,0,0,1.2813352,0,0,0,0,0,5,0,0,0,0,0,0,0
280.8,0,0,1.2813352,0,0,0,0,0,5,0,0,0,0,0,0,0
281,0,0,1.2813352,0,0,0,0,0,5,0,0,0,0,0,0,0
281.2,0,0,1.2813352,0,0,0,0,0,5,0,0,0,0,0,0,0
281.4,0,0,1.2813352,0,0,0,0,0,5,0,0,0,0,0,0,0
281.6,0,0,1.2813352,0,0,0,0,0,5,0,0,0,0,0,0,0
281.8,0,0,1.2813352,0,0,0,0,0,5,0,0,0,0,0,0,0
282,0,0,1.2813352,0,0,0,0,0,5,0,0,0,0,0,0,0
282.2,0,0,1.2813352,0,0,0,0,0,5,0,0,0,0,0,0,0
282.4,0,0,1.2813352,0,0,0,0,0,5,0,0,0,0,0,0,0
282.6,0,0,1.2813352,0,0,0,0,0,5,0,0,0,0,0,0,0
282.8,0,0,1.2813352,0,0,0,0,0,5,0,0,0,0,0,0,0
283,0,0,1.2813352,0,0,0,0,0,5,0,0,0,0,0,0,0
283.2,0,0,1.2813352,0,0,0,0,0,5,0,0,0,0,0,0,0
283.4,0,0,1.2813352,0,0,0,0,0,5,0,0,0,0,0,0,0
283.6,0,0,1.2813352,0,0,0,0,0,5,0,0,0,0,0,0,0
283.8,0,0,1.2813352,0,0,0,0,0,5,0,0,0,0,0,0,0
284,0,0,1.2813352,0,0,0,0,0,5,0,0,0,0,0,0,0
284.2,0,0,1.2813352,0,0,0,0,0,5,0,0,0,0,0,0,0
284.4,0,0,1.2813352,0,0,0,0,0,5,0,0,0,0,0,0,0
284.6,0,0,1.2813352,0,0,0,0,0,5,0,0,0,0,0,0,0
284.8,0,0,1.2813352,0,0,0,0,0,5,0,0,0,0,0,0,0
285,0,0,1.2813352,0,0,0,0,0,5,0,0,0,0,0,0,0
285.2,0,0,1.2813352,0,0,0,0,0,5,0,0,0,0,0,0,0
285.4,0,0,1.2813352,0,0,0,0,0,5,0,0,0,0,0,0,0
285.6,0,0,1.2813352,0,0,0,0,0,5,0,0,0,0,0,0,0
285.8,0,0,1.2813352,0,0,0,0,0,5,0,0,0,0,0,0,0
286,0,0,1.2813352,0,0,0,0,0,5,0,0,0,0,0,0,0
286.2,0,0,1.2813352,0,0,0,0,0,5,0,0,0,0,0,0,0
286.4,0,0,1.2813352,0,0,0,0,0,5,0,0,0,0,0,0,0
286.6,0,0,1.2813352,0,0,0,0,0,5,0,0,0,0,0,0,0
286.8,0,0,1.2813352,0,0,0,0,0,5,0,0,0,0,0,0,0
287,0,0,1.2813352,0,0,0,0,0,5,0,0,0,0,0,0,0
287.2,0,0,1.2813352,0,0,0,0,0,5,0,0,0,0,0,0,0
287.4,0,0,1.2813352,0,0,0,0,0,5,0,0,0,0,0,0,0
287.6,0,0,1.2813352,0,0,0,0,0,5,0,0,0,0,0,0,0
287.8,0,0,1.2813352,0,0,0,0,0,5,0,0,0,0,0,0,0
288,0,0,1.2813352,0,0,0,0,0,5,0,0,0,0,0,0,0
288.2,0,0,1.2813352,0,0,0,0,0,5,0,0,0,0,0,0,0
288.4,0,0,1.2813352,0,0,0,0,0,5,0,0,0,0,0,0,0
288.6,0,0,1.2813352,0,0,0,0,0,5,0,0,0,0,0,0,0
288.8,0,0,1.2813352,0,0,0,0,0,5,0,0,0,0,0,0,0
289,0,0,1.2813352,0,0,0,0,0,5,0,0,0,0,0,0,0
289.2,0,0,1.2813352,0,0,0,0,0,5,0,0,0,0,0,0,0
289.4,0,0,1.2813352,0,0,0,0,0,5,0,0,0,0,0,0,0
289.6,0,0,1.2813352,0,0,0,0,0,5,0,0,0,0,0,0,0
289.8,0,0,1.2813352,0,0,0,0,0,5,0,0,0,0,0,0,0
290,0,0,1.2813352,0,0,0,0,0,5,0,0,0,0,0,0,0
